wiki ,100.0
wiki,100.0
mediawiki,88.62012623639318
mediawiki ,88.62012623639318
php ,78.2636646112969
sourceforge,78.2636646112969
sourceforge ,78.2636646112969
php,78.2636646112969
net,73.4456924113169
net ,73.4456924113169
object ,73.44556877419102
object,73.44556877419102
cli ,73.4362704097653
cli,73.4362704097653
visual studio,73.4273387671235
visual studio ,73.4273387671235
implementation,73.42007546409934
implementation ,73.42007546409934
ecma,73.4099364574922
ecma ,73.4099364574922
system,73.39578194785355
system ,73.39578194785355
version ,73.37601918908796
version,73.37601918908796
fcl,73.34842136831715
security,73.34842136831715
clr ,73.34842136831715
clr,73.34842136831715
security ,73.34842136831715
fcl ,73.34842136831715
iso,73.07539210207243
language ,73.07539210207243
language,73.07539210207243
iso ,73.07539210207243
common language infrastructure ,72.72118704621838
memory ,72.72118704621838
common language infrastructure,72.72118704621838
garbage,72.72118704621838
mono,72.72118704621838
memory,72.72118704621838
garbage ,72.72118704621838
mono ,72.72118704621838
assembly,72.43082522658533
assembly ,72.43082522658533
part ,72.43082522658533
msdn,72.43082522658533
part,72.43082522658533
msdn ,72.43082522658533
plugin,72.37960179095482
plugin ,72.37960179095482
library,71.44412350510252
library ,71.44412350510252
development,71.44412350510252
development ,71.44412350510252
support,70.62317168065974
common language infrastructure cli,70.62317168065974
common language infrastructure cli ,70.62317168065974
specification ,70.62317168065974
support ,70.62317168065974
specification,70.62317168065974
original ,69.44791150470988
archived ,69.44791150470988
garbage collection,69.44791150470988
ado net,69.44791150470988
source code,69.44791150470988
asp net,69.44791150470988
source code ,69.44791150470988
archived,69.44791150470988
original,69.44791150470988
garbage collection ,69.44791150470988
reference,69.44791150470988
asp net ,69.44791150470988
reference ,69.44791150470988
ado net ,69.44791150470988
net core,67.74646147706753
expert ,67.74646147706753
factory ,67.74646147706753
windows form,67.74646147706753
class ,67.74646147706753
visual studio net ,67.74646147706753
number,67.74646147706753
scope,67.74646147706753
windows presentation foundation,67.74646147706753
silverlight,67.74646147706753
class,67.74646147706753
factory,67.74646147706753
windows form ,67.74646147706753
silverlight ,67.74646147706753
net core ,67.74646147706753
expert,67.74646147706753
windows presentation foundation ,67.74646147706753
number ,67.74646147706753
visual studio net,67.74646147706753
scope ,67.74646147706753
internet ,65.24121143182815
class library ,65.24121143182815
class library,65.24121143182815
pattern ,65.24121143182815
alternative implementation,65.24121143182815
cross-platform ,65.24121143182815
cross-platform,65.24121143182815
internet,65.24121143182815
alternative implementation ,65.24121143182815
pattern,65.24121143182815
updated,64.0547876257856
cosyne,64.0547876257856
job,64.0547876257856
updated ,64.0547876257856
job ,64.0547876257856
foswiki,64.0547876257856
user ,64.0547876257856
tiki,64.0547876257856
tiki ,64.0547876257856
knowledge base,64.0547876257856
user,64.0547876257856
cosyne ,64.0547876257856
knowledge base ,64.0547876257856
foswiki ,64.0547876257856
miguel de icaza ,61.45341201797715
older ,61.45341201797715
bcl ,61.45341201797715
patent,61.45341201797715
permission,61.45341201797715
icaza ,61.45341201797715
set,61.45341201797715
efx factory,61.45341201797715
patent ,61.45341201797715
net micro framework,61.45341201797715
microsoft window,61.45341201797715
visual basic,61.45341201797715
expert attention,61.45341201797715
access,61.45341201797715
permission ,61.45341201797715
icaza,61.45341201797715
expression blend ,61.45341201797715
garbage collector,61.45341201797715
bcl,61.45341201797715
visual basic ,61.45341201797715
microsoft net framework,61.45341201797715
microsoft window ,61.45341201797715
miguel de icaza,61.45341201797715
expert attention ,61.45341201797715
standardization ,61.45341201797715
garbage collector ,61.45341201797715
efx factory ,61.45341201797715
set ,61.45341201797715
standardization,61.45341201797715
access ,61.45341201797715
net micro framework ,61.45341201797715
microsoft net framework ,61.45341201797715
older,61.45341201797715
expression blend,61.45341201797715
page ,58.82270132248778
page,58.82270132248778
source ,57.55397948236741
source,57.55397948236741
platform ,57.55071742842437
platform,57.55071742842437
code,57.33000258835716
code ,57.33000258835716
open source ,57.28920735331885
open source,57.28920735331885
core ,56.82967796063676
core,56.82967796063676
standard,56.69683450954269
standard ,56.69683450954269
feature,56.352410782998355
feature ,56.352410782998355
generation,55.46870722938895
exception handling ,55.46870722938895
restriction ,55.46870722938895
root,55.46870722938895
entire,55.46870722938895
java,55.46870722938895
newer ,55.46870722938895
mit license ,55.46870722938895
creator ,55.46870722938895
windows communication foundation,55.46870722938895
guthrie ,55.46870722938895
common intermediate language ,55.46870722938895
reachable ,55.46870722938895
net framework developer,55.46870722938895
simd extension ,55.46870722938895
java ,55.46870722938895
interaction ,55.46870722938895
vb net ,55.46870722938895
framework class library fcl,55.46870722938895
microsoft reference license ,55.46870722938895
evidence ,55.46870722938895
base class library ,55.46870722938895
design ,55.46870722938895
function,55.46870722938895
heap,55.46870722938895
software factory ,55.46870722938895
windows xp ,55.46870722938895
language integrated query,55.46870722938895
execution,55.46870722938895
method ,55.46870722938895
reflection,55.46870722938895
software factory,55.46870722938895
entire ,55.46870722938895
file ,55.46870722938895
design,55.46870722938895
windows xp,55.46870722938895
subset ,55.46870722938895
function ,55.46870722938895
interoperability,55.46870722938895
root ,55.46870722938895
windows communication foundation ,55.46870722938895
model,55.46870722938895
file,55.46870722938895
base class library,55.46870722938895
debugging ,55.46870722938895
net framework developer ,55.46870722938895
reflection ,55.46870722938895
common language runtime clr,55.46870722938895
common intermediate language,55.46870722938895
private key ,55.46870722938895
private key,55.46870722938895
evidence,55.46870722938895
creator,55.46870722938895
language integrated query ,55.46870722938895
main article,55.46870722938895
net compact framework ,55.46870722938895
method,55.46870722938895
generation ,55.46870722938895
restriction,55.46870722938895
execution ,55.46870722938895
subset,55.46870722938895
namespace ,55.46870722938895
memory management ,55.46870722938895
dll ,55.46870722938895
model ,55.46870722938895
iso standard,55.46870722938895
site,55.46870722938895
guthrie,55.46870722938895
reachable,55.46870722938895
vb net,55.46870722938895
heap ,55.46870722938895
programming language,55.46870722938895
site ,55.46870722938895
namespace,55.46870722938895
simd extension,55.46870722938895
interoperability ,55.46870722938895
operating system ,55.46870722938895
technology ,55.46870722938895
iso standard ,55.46870722938895
gc run,55.46870722938895
newer,55.46870722938895
main article ,55.46870722938895
programming language ,55.46870722938895
common language runtime clr ,55.46870722938895
technology,55.46870722938895
microsoft reference license,55.46870722938895
net compact framework,55.46870722938895
debugging,55.46870722938895
mit license,55.46870722938895
interaction,55.46870722938895
gc run ,55.46870722938895
exception handling,55.46870722938895
operating system,55.46870722938895
memory management,55.46870722938895
dll,55.46870722938895
framework class library fcl ,55.46870722938895
project,55.178399217384055
project ,55.178399217384055
functionality,54.19725960196084
functionality ,54.19725960196084
developer,52.78556482020506
developer ,52.78556482020506
enterprise wiki ,51.203252020121745
multi,51.203252020121745
simple ,51.203252020121745
mysql ,51.203252020121745
wiki cms groupware ,51.203252020121745
lesser general public license version,51.203252020121745
enterprise wiki,51.203252020121745
information ,51.203252020121745
edit ,51.203252020121745
alpha,51.203252020121745
edit,51.203252020121745
wikiwikiweb,51.203252020121745
read,51.203252020121745
gnu general public license version ,51.203252020121745
contact ,51.203252020121745
multi ,51.203252020121745
lesser general public license version ,51.203252020121745
information,51.203252020121745
customer success,51.203252020121745
mysql,51.203252020121745
wikiwikiweb ,51.203252020121745
easy ,51.203252020121745
customer success ,51.203252020121745
alpha ,51.203252020121745
gnu general public license version,51.203252020121745
wiki cms groupware,51.203252020121745
dokuwiki ,51.203252020121745
simple,51.203252020121745
easy,51.203252020121745
read ,51.203252020121745
dokuwiki,51.203252020121745
contact,51.203252020121745
extension ,47.658566638310006
extension,47.658566638310006
net framework ,46.27897808015859
net framework,46.27897808015859
application,46.26062454870749
application ,46.26062454870749
document ,45.56190293239553
document,45.56190293239553
linux,45.56190293239553
linux ,45.56190293239553
article,45.264111008169316
article ,45.264111008169316
area ,45.212887572538804
mobile ,45.212887572538804
application development ,45.212887572538804
behavior,45.212887572538804
windows platform ,45.212887572538804
dotfuscator community edition ,45.212887572538804
architecture,45.212887572538804
framework developer center,45.212887572538804
strong ,45.212887572538804
call stack,45.212887572538804
long ,45.212887572538804
space,45.212887572538804
portable net,45.212887572538804
call stack ,45.212887572538804
space ,45.212887572538804
language integrated query linq,45.212887572538804
international organization,45.212887572538804
ecma-international org ,45.212887572538804
interface,45.212887572538804
component ,45.212887572538804
file reading ,45.212887572538804
cli and c,45.212887572538804
strong naming,45.212887572538804
entire class library ,45.212887572538804
patent right ,45.212887572538804
ecma-international org,45.212887572538804
net framework class library ,45.212887572538804
purpose ,45.212887572538804
demand,45.212887572538804
subject ,45.212887572538804
demand ,45.212887572538804
metadata,45.212887572538804
ecma and iso,45.212887572538804
talk parameter,45.212887572538804
scott guthrie ,45.212887572538804
vendor ,45.212887572538804
cli specification ,45.212887572538804
public key token ,45.212887572538804
area,45.212887572538804
xml document manipulation ,45.212887572538804
subject,45.212887572538804
application development,45.212887572538804
windows communication foundation wcf,45.212887572538804
common type system ,45.212887572538804
writing graphic rendering ,45.212887572538804
installation,45.212887572538804
base class library bcl,45.212887572538804
windows communication foundation wcf ,45.212887572538804
term ,45.212887572538804
jack greenfield,45.212887572538804
overview,45.212887572538804
strong naming ,45.212887572538804
language integrated query linq ,45.212887572538804
unsourced statement,45.212887572538804
windows workflow foundation wf,45.212887572538804
file reading,45.212887572538804
complete,45.212887572538804
keith short ,45.212887572538804
unsourced statement ,45.212887572538804
public key token,45.212887572538804
version number ,45.212887572538804
base class library bcl ,45.212887572538804
crossnet ,45.212887572538804
behavior ,45.212887572538804
net framework class library,45.212887572538804
portable net ,45.212887572538804
cpu ,45.212887572538804
microsoft silverlight ,45.212887572538804
overview ,45.212887572538804
full framework,45.212887572538804
amount ,45.212887572538804
portion ,45.212887572538804
component,45.212887572538804
reason,45.212887572538804
visual c,45.212887572538804
landwerth ,45.212887572538804
portion,45.212887572538804
full framework ,45.212887572538804
vendor,45.212887572538804
common function,45.212887572538804
visual c ,45.212887572538804
strong,45.212887572538804
common function ,45.212887572538804
installation ,45.212887572538804
file reading and writing graphic rendering ,45.212887572538804
c language specification,45.212887572538804
template,45.212887572538804
architecture ,45.212887572538804
managed heap ,45.212887572538804
cpu,45.212887572538804
managed heap,45.212887572538804
automatic memory management ,45.212887572538804
entire class library,45.212887572538804
database interaction,45.212887572538804
file reading and writing graphic rendering,45.212887572538804
crossnet,45.212887572538804
purpose,45.212887572538804
framework developer center ,45.212887572538804
metadata ,45.212887572538804
writing graphic rendering,45.212887572538804
introduction,45.212887572538804
interface ,45.212887572538804
long,45.212887572538804
version number,45.212887572538804
international organization ,45.212887572538804
control panel,45.212887572538804
mobile,45.212887572538804
database interaction ,45.212887572538804
complete ,45.212887572538804
hardware,45.212887572538804
common type system,45.212887572538804
template ,45.212887572538804
dotfuscator community edition,45.212887572538804
c language specification ,45.212887572538804
landwerth,45.212887572538804
hardware ,45.212887572538804
ecma and iso ,45.212887572538804
introduction ,45.212887572538804
xml document manipulation,45.212887572538804
instruction ,45.212887572538804
amount,45.212887572538804
reason ,45.212887572538804
microsoft silverlight,45.212887572538804
jack greenfield ,45.212887572538804
automatic memory management,45.212887572538804
windows platform,45.212887572538804
instruction,45.212887572538804
windows workflow foundation wf ,45.212887572538804
talk parameter ,45.212887572538804
scott guthrie,45.212887572538804
ship ,45.212887572538804
control panel ,45.212887572538804
patent right,45.212887572538804
ship,45.212887572538804
cli and c ,45.212887572538804
cli specification,45.212887572538804
keith short,45.212887572538804
term,45.212887572538804
tool,44.85524843534978
tool ,44.85524843534978
collection ,44.85524843534978
collection,44.85524843534978
environment ,44.27740928668649
environment,44.27740928668649
management,42.28119728629387
management ,42.28119728629387
use,40.57974725865151
attention,40.57974725865151
use ,40.57974725865151
attention ,40.57974725865151
type ,38.07449721341212
type,38.07449721341212
framework ,37.53324964021666
framework,37.53324964021666
window,37.53324964021649
window ,37.53324964021649
microsoft ,37.53324964011398
microsoft,37.53324964011398
software,37.533248477589154
software ,37.533248477589154
service ,37.397430221226166
service,37.397430221226166
forum ,36.88807340736957
forum,36.88807340736957
choices advertise source forge jp performance img ,27.16671421841602
selectable sql backend,27.16671421841602
right,27.16671421841602
social networking and workspace ,27.16671421841602
detail ,27.16671421841602
facebook microsoft feedback,27.16671421841602
title web analytic,27.16671421841602
wiki asp net ,27.16671421841602
amazing design,27.16671421841602
mindtouch open source ,27.16671421841602
height,27.16671421841602
extensione ,27.16671421841602
project homepage ,27.16671421841602
iis powered ,27.16671421841602
iis ms-sql ,27.16671421841602
windows wiki software,27.16671421841602
itjb job,27.16671421841602
information and feature,27.16671421841602
error ,27.16671421841602
img src,27.16671421841602
minimalist gnu ,27.16671421841602
document management system ,27.16671421841602
customer success center,27.16671421841602
key term,27.16671421841602
tiddlywiki adaptation ,27.16671421841602
community ,27.16671421841602
itjb job ,27.16671421841602
cygwin-derived software distro ,27.16671421841602
tv broadcast program money manager,27.16671421841602
site status ,27.16671421841602
full authentication,27.16671421841602
href,27.16671421841602
official microsoft iis site sign ,27.16671421841602
blank img border,27.16671421841602
mozilla,27.16671421841602
database table ,27.16671421841602
world,27.16671421841602
choices advertise source forge jp performance img,27.16671421841602
open source web application,27.16671421841602
dokuwiki plugin,27.16671421841602
workspace,27.16671421841602
themeable ,27.16671421841602
truetype core font ,27.16671421841602
question,27.16671421841602
community,27.16671421841602
graphical categories browser,27.16671421841602
info,27.16671421841602
dokuwiki plugin ,27.16671421841602
database ,27.16671421841602
open-source social-collaboration software,27.16671421841602
dice holding,27.16671421841602
core and platform,27.16671421841602
postgre,27.16671421841602
link,27.16671421841602
social networking ,27.16671421841602
arch linux,27.16671421841602
tiddlywiki core javascript ,27.16671421841602
full authentication ,27.16671421841602
powered ,27.16671421841602
date version,27.16671421841602
oracle,27.16671421841602
blog,27.16671421841602
fun ,27.16671421841602
source software gnu lgpl,27.16671421841602
mindtouch open source,27.16671421841602
target,27.16671421841602
external js file,27.16671421841602
service support ,27.16671421841602
wiki mediawiki site management ,27.16671421841602
smarty ,27.16671421841602
highly modular cms framework,27.16671421841602
research and technological development project ,27.16671421841602
portable software collection ,27.16671421841602
mndt ch oss-dep ,27.16671421841602
llc ,27.16671421841602
mindtouch platform,27.16671421841602
truetype core font,27.16671421841602
pre-alpha ,27.16671421841602
knowledge base or document management system,27.16671421841602
light and easy ,27.16671421841602
light,27.16671421841602
collaboration platform,27.16671421841602
mozilla ,27.16671421841602
extranets,27.16671421841602
neudesic ,27.16671421841602
tikiwiki upgrader,27.16671421841602
mediawiki enterprise distribution ,27.16671421841602
articles news ,27.16671421841602
external js file ,27.16671421841602
jquery,27.16671421841602
spelling,27.16671421841602
dynamic hyperlinking,27.16671421841602
tiki wiki cms groupware,27.16671421841602
popular most popular last updated name rating showing page ,27.16671421841602
extranets ,27.16671421841602
knowledge creation,27.16671421841602
network diagram,27.16671421841602
microsoft azure follow ,27.16671421841602
wiki net ,27.16671421841602
articles news,27.16671421841602
activity stream ,27.16671421841602
simple and open source ,27.16671421841602
multiple storage backend,27.16671421841602
multilingual wiki-engine ,27.16671421841602
social networking and workspace,27.16671421841602
bsd platform,27.16671421841602
source wiki ,27.16671421841602
research ,27.16671421841602
amazing design ,27.16671421841602
detail,27.16671421841602
firebird ,27.16671421841602
fun,27.16671421841602
social collaboration,27.16671421841602
arch linux ,27.16671421841602
privacy statement term,27.16671421841602
official microsoft iis site sign,27.16671421841602
zend framework,27.16671421841602
wiki application ,27.16671421841602
resources blogs forum ,27.16671421841602
core and platform ,27.16671421841602
interest ,27.16671421841602
wiki mediawiki site management,27.16671421841602
built-in feature,27.16671421841602
technological development project,27.16671421841602
money management application,27.16671421841602
special page,27.16671421841602
mndt ch oss-dep,27.16671421841602
world ,27.16671421841602
latest tech job ,27.16671421841602
phpbb forum bulletin board,27.16671421841602
cygwin-derived software distro,27.16671421841602
wiki application,27.16671421841602
extensible,27.16671421841602
topic markup language,27.16671421841602
open-source offline wikipedia application ,27.16671421841602
money management application ,27.16671421841602
customer support ,27.16671421841602
mature ,27.16671421841602
software create,27.16671421841602
solution center ,27.16671421841602
dice holding ,27.16671421841602
url ,27.16671421841602
acl ,27.16671421841602
html form,27.16671421841602
image photo gallery ,27.16671421841602
wiki asp net,27.16671421841602
customer success center ,27.16671421841602
wiki net,27.16671421841602
calendar,27.16671421841602
customer support,27.16671421841602
minimalist gnu,27.16671421841602
source software,27.16671421841602
staff picks gnucash personal,27.16671421841602
blank img border ,27.16671421841602
calendar ,27.16671421841602
home,27.16671421841602
iis ms-sql,27.16671421841602
engine running,27.16671421841602
firebird,27.16671421841602
planning ,27.16671421841602
geotag way ,27.16671421841602
robot,27.16671421841602
mediawiki software ,27.16671421841602
wikiwikiweb clone,27.16671421841602
source software gnu lgpl ,27.16671421841602
knowledge creation ,27.16671421841602
mediawiki enterprise distribution,27.16671421841602
terms privacy ,27.16671421841602
european union,27.16671421841602
robot ,27.16671421841602
windows or linux,27.16671421841602
workspace ,27.16671421841602
postgre ,27.16671421841602
link ,27.16671421841602
refine ,27.16671421841602
mindtouch platform ,27.16671421841602
mediawiki graphical category browser ,27.16671421841602
graphical categories browser ,27.16671421841602
database,27.16671421841602
kind ,27.16671421841602
mindtouch platform and core,27.16671421841602
hosted,27.16671421841602
openlayersmap ,27.16671421841602
information and feature ,27.16671421841602
interest,27.16671421841602
open source web application ,27.16671421841602
forumsgo learngo phpgo referencego ,27.16671421841602
width ,27.16671421841602
light and easy,27.16671421841602
mindtouch--software,27.16671421841602
multilingual wiki-engine,27.16671421841602
site status,27.16671421841602
enterprise twiki collaboration platform open source enterprise wiki,27.16671421841602
www mindtouch,27.16671421841602
mediawiki skin,27.16671421841602
simple and open source,27.16671421841602
resources blogs forum,27.16671421841602
openlayersmap,27.16671421841602
zend framework ,27.16671421841602
highly modular cms framework ,27.16671421841602
url,27.16671421841602
sourceforge browse enterprise blog help jobs log,27.16671421841602
rich collaboration feature,27.16671421841602
project homepage,27.16671421841602
european union ,27.16671421841602
extensione,27.16671421841602
planning,27.16671421841602
light ,27.16671421841602
research and technological development project,27.16671421841602
img src ,27.16671421841602
open-source offline wikipedia application,27.16671421841602
blog ,27.16671421841602
multiple storage backend ,27.16671421841602
bsd platform ,27.16671421841602
llc,27.16671421841602
neudesic,27.16671421841602
enterprise,27.16671421841602
powered,27.16671421841602
html form ,27.16671421841602
microsoft azure follow,27.16671421841602
iis powered,27.16671421841602
www mindtouch ,27.16671421841602
open source webmail software simutran ,27.16671421841602
engine running ,27.16671421841602
mediawiki graphical category browser,27.16671421841602
source wiki,27.16671421841602
topic markup language ,27.16671421841602
question ,27.16671421841602
source software ,27.16671421841602
technological development project ,27.16671421841602
small-business finance manager gnuplot development ,27.16671421841602
help center ,27.16671421841602
height ,27.16671421841602
dynamic hyperlinking ,27.16671421841602
image photo gallery,27.16671421841602
staff picks gnucash personal ,27.16671421841602
built-in feature ,27.16671421841602
portable software collection,27.16671421841602
solution center,27.16671421841602
jquery ,27.16671421841602
service support,27.16671421841602
commitment,27.16671421841602
mediawiki skin ,27.16671421841602
web application,27.16671421841602
windows or linux ,27.16671421841602
windows wiki software ,27.16671421841602
small-business finance manager gnuplot development,27.16671421841602
network diagram ,27.16671421841602
right ,27.16671421841602
themeable,27.16671421841602
rich collaboration feature ,27.16671421841602
help center,27.16671421841602
activity stream,27.16671421841602
mindtouch platform and core ,27.16671421841602
relationship ,27.16671421841602
open-source social-collaboration software ,27.16671421841602
enterprise twiki collaboration platform open source enterprise wiki ,27.16671421841602
portable software usb job,27.16671421841602
latest tech job,27.16671421841602
facebook microsoft feedback ,27.16671421841602
home ,27.16671421841602
social collaboration ,27.16671421841602
acl,27.16671421841602
target ,27.16671421841602
collaboration platform ,27.16671421841602
portable software usb job ,27.16671421841602
spelling ,27.16671421841602
pre-alpha,27.16671421841602
title web analytic ,27.16671421841602
category page,27.16671421841602
href ,27.16671421841602
rights reserved ,27.16671421841602
tiddlywiki core javascript,27.16671421841602
date version ,27.16671421841602
tv broadcast program money manager ,27.16671421841602
smarty,27.16671421841602
commitment ,27.16671421841602
rights reserved,27.16671421841602
forumsgo learngo phpgo referencego,27.16671421841602
web application ,27.16671421841602
relationship,27.16671421841602
knowledge base or document management system ,27.16671421841602
special page ,27.16671421841602
mediawiki software,27.16671421841602
privacy statement term ,27.16671421841602
tikiwiki upgrader ,27.16671421841602
database table,27.16671421841602
wikiwikiweb clone ,27.16671421841602
width,27.16671421841602
windows freshness,27.16671421841602
sourceforge browse enterprise blog help jobs log ,27.16671421841602
use contact us advertise,27.16671421841602
open source webmail software simutran,27.16671421841602
terms privacy,27.16671421841602
hosted ,27.16671421841602
social networking,27.16671421841602
info ,27.16671421841602
category page ,27.16671421841602
geotag way,27.16671421841602
mature,27.16671421841602
oracle ,27.16671421841602
use contact us advertise ,27.16671421841602
refine,27.16671421841602
kind,27.16671421841602
key term ,27.16671421841602
research,27.16671421841602
tiddlywiki adaptation,27.16671421841602
phpbb forum bulletin board ,27.16671421841602
enterprise ,27.16671421841602
mindtouch--software ,27.16671421841602
tiki wiki cms groupware ,27.16671421841602
windows freshness ,27.16671421841602
selectable sql backend ,27.16671421841602
document management system,27.16671421841602
extensible ,27.16671421841602
software create ,27.16671421841602
error,27.16671421841602
popular most popular last updated name rating showing page,27.16671421841602
design features and tool,24.03653780170572
practices team ,24.03653780170572
local variable ,24.03653780170572
zdnet ,24.03653780170572
large application ,24.03653780170572
system runtime interopservice ,24.03653780170572
higher generation object,24.03653780170572
announcement ,24.03653780170572
keypair ,24.03653780170572
small version ,24.03653780170572
architecture edit,24.03653780170572
exe file ,24.03653780170572
navigation search ,24.03653780170572
integrated development environment configurations and view ,24.03653780170572
streaming simd extensions sse ,24.03653780170572
security edit net ,24.03653780170572
net environment ,24.03653780170572
software environment ,24.03653780170572
core aspect,24.03653780170572
net decompiler program ,24.03653780170572
redesigned version ,24.03653780170572
software framework,24.03653780170572
update ,24.03653780170572
isbn,24.03653780170572
foundation,24.03653780170572
patent issue ,24.03653780170572
msdn library net framework index overview ,24.03653780170572
visual basic net v t e microsoft apis ,24.03653780170572
web rapid enterprise application development tool,24.03653780170572
version number clr version release date,24.03653780170572
reverse engineering risk assessment ,24.03653780170572
newer object ,24.03653780170572
framework version,24.03653780170572
first beta version,24.03653780170572
bypassing,24.03653780170572
ecma iso standard ,24.03653780170572
technical report ,24.03653780170572
codeplex,24.03653780170572
cross-platform commitment ,24.03653780170572
derived,24.03653780170572
b c d e f ,24.03653780170572
memory management edit ,24.03653780170572
cross-platform clr ,24.03653780170572
mark phase,24.03653780170572
possibility ,24.03653780170572
portable executable pe format,24.03653780170572
project glidepath blog project glidepath forums nconstruct ,24.03653780170572
update,24.03653780170572
cross-platform clr,24.03653780170572
hewlett-packard,24.03653780170572
chen ,24.03653780170572
required permission ,24.03653780170572
net platform ,24.03653780170572
architecture edit ,24.03653780170572
standardization and licensing edit,24.03653780170572
older application,24.03653780170572
efx factory blog microsoft pattern ,24.03653780170572
integrated debugging,24.03653780170572
managed code,24.03653780170572
alternative implementations edit,24.03653780170572
common security model,24.03653780170572
microsoft keith short ,24.03653780170572
validation ,24.03653780170572
filename ,24.03653780170572
net framework blog ,24.03653780170572
adoption ,24.03653780170572
microsoft service ,24.03653780170572
silverlight and alternative implementation,24.03653780170572
fully open source server-side net stack,24.03653780170572
element,24.03653780170572
microsoft visual studio,24.03653780170572
local variables or method parameter,24.03653780170572
cryptography,24.03653780170572
verification,24.03653780170572
microsoft open,24.03653780170572
development process,24.03653780170572
microsoft patterns practices software factories external,24.03653780170572
no reverse-engineering skill ,24.03653780170572
language interoperability ,24.03653780170572
codeplex ,24.03653780170572
vb net compiler,24.03653780170572
integrated debugging ,24.03653780170572
note,24.03653780170572
small version,24.03653780170572
microsoft reference source license,24.03653780170572
application virtual machine,24.03653780170572
computer software,24.03653780170572
micro isv-oriented software factory ,24.03653780170572
portability ,24.03653780170572
current version,24.03653780170572
needed security edit ,24.03653780170572
consequence ,24.03653780170572
disk,24.03653780170572
collection run ,24.03653780170572
cli and fcl,24.03653780170572
visual basic net java ,24.03653780170572
efficiency ,24.03653780170572
isbn ,24.03653780170572
factory software product line references edit jack greenfield ,24.03653780170572
database connectivity ,24.03653780170572
inkball ,24.03653780170572
net disambiguation,24.03653780170572
derived ,24.03653780170572
older application ,24.03653780170572
en wikipedia org w index php title software factory ,24.03653780170572
standards iso org,24.03653780170572
microsoft silverlight and mono ,24.03653780170572
performance edit ,24.03653780170572
software framework license proprietary,24.03653780170572
gaming,24.03653780170572
partition iv xml file ,24.03653780170572
microsoft visual studio ,24.03653780170572
non-discriminatory term,24.03653780170572
ecma iso standard,24.03653780170572
mono safe ,24.03653780170572
computer system,24.03653780170572
john crupi,24.03653780170572
call stack walk,24.03653780170572
vmware ,24.03653780170572
source release ,24.03653780170572
computer software ,24.03653780170572
needed security edit,24.03653780170572
java c ,24.03653780170572
cryptography ,24.03653780170572
net framework framework class library,24.03653780170572
integrated development environment configuration,24.03653780170572
grant ,24.03653780170572
previously selected shared source license,24.03653780170572
future release,24.03653780170572
security requirement ,24.03653780170572
fcl class,24.03653780170572
foundation ,24.03653780170572
no ceiling,24.03653780170572
software foundation ,24.03653780170572
p invoke feature ,24.03653780170572
modern net feature ,24.03653780170572
wikiproject software,24.03653780170572
data access,24.03653780170572
integrated runtime environment tool ,24.03653780170572
b c d e f,24.03653780170572
library stack ,24.03653780170572
dll exe ,24.03653780170572
personal blog ,24.03653780170572
microsoft shared source common language infrastructure ,24.03653780170572
specific type,24.03653780170572
cross-platform support,24.03653780170572
instantiation ,24.03653780170572
navigation,24.03653780170572
case,24.03653780170572
manifest ,24.03653780170572
ecma standard,24.03653780170572
microsoft keith short,24.03653780170572
red gate software ,24.03653780170572
pool ,24.03653780170572
microsoft referencesource ,24.03653780170572
net open source and cross-platform,24.03653780170572
version number clr version release date ,24.03653780170572
rotor,24.03653780170572
memory contiguous,24.03653780170572
specific assembly ,24.03653780170572
malicious software ,24.03653780170572
bypassing ,24.03653780170572
revision,24.03653780170572
service factory ,24.03653780170572
exchange,24.03653780170572
design features and tool ,24.03653780170572
net software ,24.03653780170572
topic,24.03653780170572
older object,24.03653780170572
net framework version history microsoft,24.03653780170572
reasonable and non-discriminatory term ,24.03653780170572
culture,24.03653780170572
net framework version history microsoft ,24.03653780170572
modern net feature,24.03653780170572
general feature ,24.03653780170572
lack ,24.03653780170572
net platform,24.03653780170572
patent grant,24.03653780170572
end,24.03653780170572
hype cycle,24.03653780170572
hacking ,24.03653780170572
streaming simd extensions sse,24.03653780170572
process,24.03653780170572
cpu register ,24.03653780170572
large number,24.03653780170572
windows mobile device ,24.03653780170572
tirania org,24.03653780170572
software framework ,24.03653780170572
zdnet,24.03653780170572
unusable object,24.03653780170572
emulator ,24.03653780170572
contrast,24.03653780170572
licensing edit,24.03653780170572
licensing edit ,24.03653780170572
mips,24.03653780170572
predominant implementation,24.03653780170572
lower generation object ,24.03653780170572
no reference,24.03653780170572
technical report,24.03653780170572
system core dll ,24.03653780170572
security edit net,24.03653780170572
code access security ca,24.03653780170572
specification version,24.03653780170572
addition ,24.03653780170572
issue,24.03653780170572
design pattern ,24.03653780170572
open standard ,24.03653780170572
disadvantage,24.03653780170572
cyberthreat ,24.03653780170572
microsoft service,24.03653780170572
simd support ,24.03653780170572
concern ,24.03653780170572
net framework pronounced dot net,24.03653780170572
addition,24.03653780170572
net type,24.03653780170572
feature parity,24.03653780170572
net open source and cross-platform ,24.03653780170572
cli and portion ,24.03653780170572
disadvantage ,24.03653780170572
local variable,24.03653780170572
location ,24.03653780170572
runtime engine,24.03653780170572
cyberthreat,24.03653780170572
network communication,24.03653780170572
design feature,24.03653780170572
datatypes and programming construct,24.03653780170572
partner,24.03653780170572
view talk edit design edit ,24.03653780170572
root object,24.03653780170572
pinball chess titans freecell hearts hover ,24.03653780170572
general feature,24.03653780170572
language independence net framework,24.03653780170572
predominant implementation ,24.03653780170572
c and vb net compiler,24.03653780170572
design pattern,24.03653780170572
net decompiler program,24.03653780170572
intranet or internet,24.03653780170572
view,24.03653780170572
conventional bazaar -like open source development model,24.03653780170572
administrator ,24.03653780170572
loss ,24.03653780170572
burden ,24.03653780170572
method parameter ,24.03653780170572
announcement,24.03653780170572
previous pledge,24.03653780170572
microsoft net framework sdk version,24.03653780170572
final release,24.03653780170572
net framework blog,24.03653780170572
possession,24.03653780170572
microsoft patent promise ,24.03653780170572
license control mechanism ,24.03653780170572
native code ,24.03653780170572
non-starter ,24.03653780170572
compiler optimization ,24.03653780170572
embedded device use,24.03653780170572
harder ,24.03653780170572
method-level encryption tool ,24.03653780170572
unanticipated delay,24.03653780170572
unusable object ,24.03653780170572
ecma standard ,24.03653780170572
previous ,24.03653780170572
fcl and clr,24.03653780170572
windows vista ,24.03653780170572
microsoft reference implementation,24.03653780170572
copyright restriction,24.03653780170572
wikiproject software ,24.03653780170572
mono safe,24.03653780170572
properties and behavior ,24.03653780170572
built-in apis,24.03653780170572
previously installed software,24.03653780170572
mac os platform,24.03653780170572
web rapid enterprise application development tool ,24.03653780170572
windows winhelp winsat write retrieved ,24.03653780170572
efx factory blog microsoft pattern,24.03653780170572
arm ,24.03653780170572
windows vista,24.03653780170572
concern,24.03653780170572
modern programming language ,24.03653780170572
patent grant ,24.03653780170572
chen,24.03653780170572
dotgnu ,24.03653780170572
extremely resource-constrained device,24.03653780170572
windows presentation foundation part ,24.03653780170572
source net core,24.03653780170572
cross-platform commitment,24.03653780170572
application virtual machine ,24.03653780170572
severely resource-constrained device ,24.03653780170572
integrated development environment configurations and view,24.03653780170572
references edit ,24.03653780170572
manifest,24.03653780170572
system core dll,24.03653780170572
program ,24.03653780170572
software citation ,24.03653780170572
data access ,24.03653780170572
cross-platform implementation,24.03653780170572
net framework family ,24.03653780170572
mscorlib dll ,24.03653780170572
issue ,24.03653780170572
libraries and application,24.03653780170572
fewer object ,24.03653780170572
large number ,24.03653780170572
intel ,24.03653780170572
cli and fcl ,24.03653780170572
integrated development environment ,24.03653780170572
location,24.03653780170572
john crupi ,24.03653780170572
community-developed open source project,24.03653780170572
older program ,24.03653780170572
net framework framework class library ,24.03653780170572
enterprise framework factory ,24.03653780170572
pointer ,24.03653780170572
cil code,24.03653780170572
collection run,24.03653780170572
collection object ,24.03653780170572
cli compliant language ,24.03653780170572
managing memory,24.03653780170572
non-starter,24.03653780170572
c compiler ,24.03653780170572
design feature ,24.03653780170572
objects reachable ,24.03653780170572
modern programming language,24.03653780170572
reflection citation,24.03653780170572
future net platform ,24.03653780170572
en wikipedia ,24.03653780170572
proprietary software license ,24.03653780170572
programmer ,24.03653780170572
conventional bazaar -like open source development model ,24.03653780170572
stuart kent,24.03653780170572
unobfuscated,24.03653780170572
risk,24.03653780170572
objects reachable,24.03653780170572
common language runtime engine common language runtime clr ,24.03653780170572
wide range,24.03653780170572
numeric algorithm ,24.03653780170572
service factory,24.03653780170572
longer lifetime ,24.03653780170572
relicensing,24.03653780170572
software framework license proprietary ,24.03653780170572
factory software product line references edit jack greenfield,24.03653780170572
foreword,24.03653780170572
no reference ,24.03653780170572
newer and older program,24.03653780170572
b scott guthrie,24.03653780170572
common language infrastructure cli specification,24.03653780170572
net open source ,24.03653780170572
red gate software,24.03653780170572
xenocode,24.03653780170572
chinnathambi,24.03653780170572
small subset,24.03653780170572
previous version assembly,24.03653780170572
specific type ,24.03653780170572
language interoperability,24.03653780170572
news,24.03653780170572
microsoft open ,24.03653780170572
end ,24.03653780170572
cil bytecode ,24.03653780170572
rotor ,24.03653780170572
newly created object ,24.03653780170572
view ,24.03653780170572
gaming ,24.03653780170572
library stack,24.03653780170572
instance,24.03653780170572
compatible implementation,24.03653780170572
association,24.03653780170572
windows-specific functionality ,24.03653780170572
net application,24.03653780170572
cli and c ecma and iso ,24.03653780170572
dll and exe file ,24.03653780170572
mandatory part,24.03653780170572
foley ,24.03653780170572
windows winhelp winsat write retrieved,24.03653780170572
microsoft initial release ,24.03653780170572
chunk ,24.03653780170572
buffer overflow ,24.03653780170572
variety,24.03653780170572
ecma iso specification ,24.03653780170572
practices team,24.03653780170572
microsoft net official website net framework developer center,24.03653780170572
net type ,24.03653780170572
chunk,24.03653780170572
current version ,24.03653780170572
code access security ca ,24.03653780170572
cli compliant language,24.03653780170572
supervision,24.03653780170572
cross-platform support ,24.03653780170572
cli and portion,24.03653780170572
gui framework,24.03653780170572
no reverse-engineering skill,24.03653780170572
stuart kent ,24.03653780170572
security mechanism,24.03653780170572
mac os platform ,24.03653780170572
windows-specific functionality and behavior,24.03653780170572
execution engine ,24.03653780170572
effort ,24.03653780170572
managed code ,24.03653780170572
integrate ,24.03653780170572
dotgnu,24.03653780170572
patent litigation ,24.03653780170572
edit smart-microsoft software factory,24.03653780170572
net core project ,24.03653780170572
software foundation,24.03653780170572
runtime engine ,24.03653780170572
navigation search,24.03653780170572
relicensing ,24.03653780170572
sharepoint software factory ,24.03653780170572
edit smart-microsoft software factory ,24.03653780170572
pentium iii ,24.03653780170572
enough pressure,24.03653780170572
vb net compiler ,24.03653780170572
smartphone,24.03653780170572
disk ,24.03653780170572
validation and verification,24.03653780170572
conforming net language ,24.03653780170572
grant,24.03653780170572
alternative ,24.03653780170572
web application development,24.03653780170572
net software,24.03653780170572
integrated runtime environment tool,24.03653780170572
reflection citation ,24.03653780170572
simplified deployment net framework ,24.03653780170572
net framework release,24.03653780170572
ecma group ,24.03653780170572
system namespace ,24.03653780170572
program,24.03653780170572
no ceiling ,24.03653780170572
scott gu ,24.03653780170572
pinball chess titans freecell hearts hover,24.03653780170572
non-deterministic compacting mark-and-sweep garbage collector ,24.03653780170572
language-neutral platform,24.03653780170572
specification version ,24.03653780170572
smartphone ,24.03653780170572
model driven development,24.03653780170572
en wikipedia org w index php title software factory,24.03653780170572
microsoft initial release,24.03653780170572
class library edit ,24.03653780170572
large class library ,24.03653780170572
steve cook ,24.03653780170572
license control mechanism,24.03653780170572
tirania org ,24.03653780170572
book,24.03653780170572
model driven development ,24.03653780170572
en wikipedia,24.03653780170572
visual studio online ,24.03653780170572
lower generation object,24.03653780170572
unobfuscated ,24.03653780170572
net framework pronounced dot net ,24.03653780170572
parameter article ,24.03653780170572
application development and execution,24.03653780170572
direct reference,24.03653780170572
application development and execution ,24.03653780170572
project glidepath blog project glidepath forums nconstruct,24.03653780170572
cli and c ecma and iso,24.03653780170572
safenet ,24.03653780170572
language independence net framework ,24.03653780170572
intranet or internet ,24.03653780170572
gartner ,24.03653780170572
separate thread,24.03653780170572
legal grey area,24.03653780170572
wikibook,24.03653780170572
source net core ,24.03653780170572
enough pressure ,24.03653780170572
c and vb net compiler ,24.03653780170572
large application,24.03653780170572
trade secret ,24.03653780170572
call stack walk ,24.03653780170572
parameter article,24.03653780170572
java c,24.03653780170572
xenocode ,24.03653780170572
microsoft reference source license ,24.03653780170572
hope,24.03653780170572
microsoft net framework sdk version ,24.03653780170572
properties and behavior,24.03653780170572
lab,24.03653780170572
partition iv xml file,24.03653780170572
minimum compliance ,24.03653780170572
simplified deployment net framework,24.03653780170572
common functionality programmer ,24.03653780170572
association ,24.03653780170572
condition ,24.03653780170572
mark phase ,24.03653780170572
windows-specific functionality and behavior ,24.03653780170572
expression blend and design ,24.03653780170572
cil bytecode,24.03653780170572
system enterpriseservices namespace ,24.03653780170572
simple text ,24.03653780170572
programmer,24.03653780170572
shared-source microsoft reference license ,24.03653780170572
cli metadata ,24.03653780170572
mary jo,24.03653780170572
simplified version ,24.03653780170572
open source mit license,24.03653780170572
security requirement,24.03653780170572
net framework delivery channel,24.03653780170572
minimum compliance,24.03653780170572
microsoft patent promise,24.03653780170572
visual basic net v t e microsoft apis,24.03653780170572
class library edit,24.03653780170572
exe file,24.03653780170572
foley,24.03653780170572
cts specification ,24.03653780170572
term software factory ,24.03653780170572
pointer,24.03653780170572
personal blog,24.03653780170572
runtime component ,24.03653780170572
standards iso org ,24.03653780170572
official standard,24.03653780170572
process ,24.03653780170572
hierarchy,24.03653780170572
dll exe,24.03653780170572
managed heap managed object,24.03653780170572
osi-approved license,24.03653780170572
tools microsoft ,24.03653780170572
unanticipated delay ,24.03653780170572
execution engine,24.03653780170572
efficiency,24.03653780170572
datatype,24.03653780170572
safenet,24.03653780170572
net garbage collector gc,24.03653780170572
reusable type,24.03653780170572
net code ,24.03653780170572
alternative implementations edit ,24.03653780170572
computer system ,24.03653780170572
conforming net language,24.03653780170572
efx factory blog microsoft patterns and practices team ,24.03653780170572
source release,24.03653780170572
native code,24.03653780170572
required permission,24.03653780170572
simd support,24.03653780170572
patent promise ,24.03653780170572
system runtime interopservice,24.03653780170572
specific assembly,24.03653780170572
ecma group,24.03653780170572
managing memory ,24.03653780170572
emulator,24.03653780170572
validation,24.03653780170572
hewlett-packard ,24.03653780170572
newer object,24.03653780170572
previously installed software ,24.03653780170572
hope ,24.03653780170572
tomboy,24.03653780170572
reasonable and non-discriminatory term,24.03653780170572
reduced version ,24.03653780170572
net framework environment ,24.03653780170572
net micro framework dev mobile,24.03653780170572
c compiler,24.03653780170572
assembly cli common intermediate language ,24.03653780170572
collection object,24.03653780170572
integrate,24.03653780170572
integrated development environment,24.03653780170572
top-level internet domain ,24.03653780170572
logical disk manager lsass minwin ntldr ntoskrnl,24.03653780170572
proprietary software license,24.03653780170572
element ,24.03653780170572
memory management edit,24.03653780170572
managed heap managed object ,24.03653780170572
steve cook,24.03653780170572
previous version assembly ,24.03653780170572
amrit williams ,24.03653780170572
net development foundation wikiversity ,24.03653780170572
unix posix subsystem interix virtual dos machine window ,24.03653780170572
windows ce platform ,24.03653780170572
network communication ,24.03653780170572
condition,24.03653780170572
microsoft shared source common language infrastructure,24.03653780170572
possibility,24.03653780170572
hardware environment ,24.03653780170572
global assembly cache,24.03653780170572
small subset ,24.03653780170572
net framework delivery channel ,24.03653780170572
net core project,24.03653780170572
net foundation ,24.03653780170572
b c garbage collection ,24.03653780170572
programming construct,24.03653780170572
case ,24.03653780170572
covered specification,24.03653780170572
software citation,24.03653780170572
scott gu,24.03653780170572
visual overview,24.03653780170572
database connectivity,24.03653780170572
chinnathambi ,24.03653780170572
previous pledge ,24.03653780170572
patent issue,24.03653780170572
separate thread ,24.03653780170572
news center ,24.03653780170572
basic api,24.03653780170572
gui framework ,24.03653780170572
mary jo ,24.03653780170572
framework version ,24.03653780170572
future release ,24.03653780170572
non-windows platform,24.03653780170572
global assembly cache ,24.03653780170572
fully open source server-side net stack ,24.03653780170572
initial release ,24.03653780170572
newer and older program ,24.03653780170572
unique combination,24.03653780170572
variety ,24.03653780170572
christec co nz ,24.03653780170572
windows presentation foundation or windows form ,24.03653780170572
large class library,24.03653780170572
visual basic net java,24.03653780170572
tomboy ,24.03653780170572
net garbage collector gc ,24.03653780170572
buffer overflow,24.03653780170572
embedded device use ,24.03653780170572
local machine ,24.03653780170572
datatype ,24.03653780170572
culture ,24.03653780170572
superset ,24.03653780170572
method parameter,24.03653780170572
covered specification ,24.03653780170572
common language runtime engine common language runtime clr,24.03653780170572
performance edit,24.03653780170572
non-microsoft implementation ,24.03653780170572
fcl and clr ,24.03653780170572
non-windows platform ,24.03653780170572
stewardship,24.03653780170572
wikibook ,24.03653780170572
open source mit license ,24.03653780170572
non-free implementation ,24.03653780170572
community-developed open source project ,24.03653780170572
root object ,24.03653780170572
initial release,24.03653780170572
expanded set,24.03653780170572
mobile or embedded device use,24.03653780170572
common functionality programmer,24.03653780170572
dll and exe file,24.03653780170572
pool,24.03653780170572
basic api ,24.03653780170572
legal grey area ,24.03653780170572
system enterpriseservices namespace,24.03653780170572
hierarchy ,24.03653780170572
feature parity ,24.03653780170572
microsoft referencesource,24.03653780170572
older object ,24.03653780170572
generation windows services ngw ,24.03653780170572
web application development ,24.03653780170572
tools microsoft,24.03653780170572
system dll ,24.03653780170572
silverlight and alternative implementation ,24.03653780170572
instance ,24.03653780170572
additional functionality,24.03653780170572
language-neutral platform ,24.03653780170572
cpu register,24.03653780170572
p invoke feature,24.03653780170572
datatypes and programming construct ,24.03653780170572
neil macdonald,24.03653780170572
additional functionality ,24.03653780170572
compatible implementation ,24.03653780170572
portable executable pe format ,24.03653780170572
libraries and application ,24.03653780170572
modeling edition version ,24.03653780170572
windows ce platform,24.03653780170572
adoption,24.03653780170572
unique combination ,24.03653780170572
severely resource-constrained device,24.03653780170572
wide range ,24.03653780170572
net environment,24.03653780170572
hype cycle ,24.03653780170572
shared source microsoft reference license ,24.03653780170572
hacking,24.03653780170572
open standard,24.03653780170572
third-party obfuscation tool ,24.03653780170572
consequence,24.03653780170572
b scott guthrie ,24.03653780170572
microsoft patterns practices software factories external ,24.03653780170572
development process ,24.03653780170572
visual overview ,24.03653780170572
service-oriented enterprise application,24.03653780170572
simple text,24.03653780170572
news center,24.03653780170572
patent promise,24.03653780170572
note ,24.03653780170572
frequently asked question ,24.03653780170572
mandatory part ,24.03653780170572
cli metadata,24.03653780170572
amrit williams,24.03653780170572
keypair,24.03653780170572
system namespace,24.03653780170572
no reason ,24.03653780170572
enterprise framework factory,24.03653780170572
net framework release ,24.03653780170572
micro isv-oriented software factory,24.03653780170572
topic ,24.03653780170572
revision ,24.03653780170572
partner ,24.03653780170572
visual studio online,24.03653780170572
first beta version ,24.03653780170572
efx factory blog microsoft patterns and practices team,24.03653780170572
frequently asked question,24.03653780170572
net micro framework dev mobile ,24.03653780170572
dotnet corefx,24.03653780170572
microsoft net official website net framework developer center ,24.03653780170572
gartner,24.03653780170572
windows mobile device,24.03653780170572
common security model ,24.03653780170572
cross-platform implementation ,24.03653780170572
memory contiguous ,24.03653780170572
patent litigation,24.03653780170572
net framework environment,24.03653780170572
c ecma,24.03653780170572
news ,24.03653780170572
mac os x,24.03653780170572
net open source,24.03653780170572
compiler optimization,24.03653780170572
net program ,24.03653780170572
reusable type ,24.03653780170572
microsoft silverlight and mono,24.03653780170572
official standard ,24.03653780170572
reduced version,24.03653780170572
shared source microsoft reference license,24.03653780170572
expert attention software article,24.03653780170572
numeric algorithm,24.03653780170572
programming construct ,24.03653780170572
supervision ,24.03653780170572
loss,24.03653780170572
cts specification,24.03653780170572
msdn library net framework index overview,24.03653780170572
learning material ,24.03653780170572
previously selected shared source license ,24.03653780170572
verification ,24.03653780170572
inkball,24.03653780170572
non-free implementation,24.03653780170572
dotnet corefx ,24.03653780170572
b c garbage collection,24.03653780170572
modeling edition version,24.03653780170572
use and application,24.03653780170572
simplified version,24.03653780170572
static object,24.03653780170572
newly created object,24.03653780170572
method-level encryption tool,24.03653780170572
disclaimer ,24.03653780170572
osi-approved license ,24.03653780170572
c ecma ,24.03653780170572
mac os x ,24.03653780170572
navigation ,24.03653780170572
exchange ,24.03653780170572
local machine,24.03653780170572
mobile or embedded device use ,24.03653780170572
final release ,24.03653780170572
third-party obfuscation tool,24.03653780170572
previous,24.03653780170572
unix posix subsystem interix virtual dos machine window,24.03653780170572
assembly cli common intermediate language,24.03653780170572
reasonable,24.03653780170572
cil code ,24.03653780170572
static object ,24.03653780170572
standardization and licensing edit ,24.03653780170572
common language infrastructure cli specification ,24.03653780170572
direct control ,24.03653780170572
mscorlib dll,24.03653780170572
fewer object,24.03653780170572
extremely resource-constrained device ,24.03653780170572
neil macdonald ,24.03653780170572
edit efx factory net,24.03653780170572
effort,24.03653780170572
alternative,24.03653780170572
net foundation,24.03653780170572
system dll,24.03653780170572
microsoft reference implementation ,24.03653780170572
ecma iso specification,24.03653780170572
mono simd namespace ,24.03653780170572
portability,24.03653780170572
vmware,24.03653780170572
mips ,24.03653780170572
net disambiguation ,24.03653780170572
fcl class ,24.03653780170572
book ,24.03653780170572
contrast ,24.03653780170572
trade secret,24.03653780170572
runtime component,24.03653780170572
direct control,24.03653780170572
reverse engineering risk assessment,24.03653780170572
net application ,24.03653780170572
higher generation object ,24.03653780170572
integrated development environment configuration ,24.03653780170572
intel,24.03653780170572
logical disk manager lsass minwin ntldr ntoskrnl ,24.03653780170572
framework class library framework class library fcl,24.03653780170572
non-microsoft implementation,24.03653780170572
generation windows services ngw,24.03653780170572
older program,24.03653780170572
net program,24.03653780170572
christec co nz,24.03653780170572
disclaimer,24.03653780170572
references edit,24.03653780170572
net development foundation wikiversity,24.03653780170572
lab ,24.03653780170572
hardware environment,24.03653780170572
copyright restriction ,24.03653780170572
burden,24.03653780170572
arm,24.03653780170572
redesigned version,24.03653780170572
shared-source microsoft reference license,24.03653780170572
software environment,24.03653780170572
built-in apis ,24.03653780170572
framework class library framework class library fcl ,24.03653780170572
expression blend and design,24.03653780170572
validation and verification ,24.03653780170572
reasonable ,24.03653780170572
sharepoint software factory,24.03653780170572
single language,24.03653780170572
direct reference ,24.03653780170572
possession ,24.03653780170572
harder,24.03653780170572
term software factory,24.03653780170572
windows presentation foundation or windows form,24.03653780170572
learning material,24.03653780170572
longer lifetime,24.03653780170572
superset,24.03653780170572
non-discriminatory term ,24.03653780170572
no reason,24.03653780170572
user interface ,24.03653780170572
non-deterministic compacting mark-and-sweep garbage collector,24.03653780170572
malicious software,24.03653780170572
net code,24.03653780170572
stewardship ,24.03653780170572
mono simd namespace,24.03653780170572
future net platform,24.03653780170572
user interface,24.03653780170572
expanded set ,24.03653780170572
single language ,24.03653780170572
service-oriented enterprise application ,24.03653780170572
lack,24.03653780170572
net framework family,24.03653780170572
risk ,24.03653780170572
windows-specific functionality,24.03653780170572
expert attention software article ,24.03653780170572
view talk edit design edit,24.03653780170572
core aspect ,24.03653780170572
edit efx factory net ,24.03653780170572
foreword ,24.03653780170572
instantiation,24.03653780170572
local variables or method parameter ,24.03653780170572
windows presentation foundation part,24.03653780170572
security mechanism ,24.03653780170572
pentium iii,24.03653780170572
top-level internet domain,24.03653780170572
use and application ,24.03653780170572
administrator,24.03653780170572
filename,24.03653780170572
portal,20.996564321787947
graph,20.996564321787947
graph ,20.996564321787947
intranet ,20.996564321787947
portal ,20.996564321787947
intranet,20.996564321787947
encyclopedia jump ,18.046173354122782
encyclopedia jump,18.046173354122782
wikipedia,18.046173354122782
wcf accessibility active accessibility ui automation text ,18.046173354122782
content ,18.046173354122782
wcf accessibility active accessibility ui automation text,18.046173354122782
content,18.046173354122782
wikipedia ,18.046173354122782
hub ,0.0
hub,0.0
