web ,100.0
web,100.0
development,65.1007747516545
development ,65.1007747516545
web development,58.333333333333336
web development ,58.333333333333336
coda,50.0
coda ,50.0
client ,37.5
client,37.5
server ,37.5
server,37.5
application ,34.61511612766277
application,34.61511612766277
developer,23.023444729243664
developer ,23.023444729243664
tool,21.435620954813068
tool ,21.435620954813068
security,20.833333333333336
open source ,20.833333333333336
security ,20.833333333333336
open source,20.833333333333336
coding ,18.75
program ,18.75
coding,18.75
program,18.75
user,18.543812211247914
user ,18.543812211247914
edit ,17.951719412056505
edit,17.951719412056505
panic ,16.666666666666668
panic,16.666666666666668
web developer ,16.666666666666668
design ,16.666666666666668
web developer,16.666666666666668
design,16.666666666666668
web application,15.084325857090677
web application ,15.084325857090677
html,14.835049768998333
html ,14.835049768998333
client side ,14.583333333333334
client side,14.583333333333334
article ,13.971555603696094
article,13.971555603696094
javascript,13.598795621581806
javascript ,13.598795621581806
help ,13.496502082660081
help,13.496502082660081
web site,12.5
information ,12.5
web site ,12.5
information,12.5
content ,12.044444485944908
content,12.044444485944908
page ,11.12628732674875
page,11.12628732674875
browser,11.114766421014183
browser ,11.114766421014183
communication ,10.416666666666668
flash ,10.416666666666668
industry,10.416666666666668
industry ,10.416666666666668
communication,10.416666666666668
flash,10.416666666666668
version ,10.416666666666668
version,10.416666666666668
software,9.635555588755928
software ,9.635555588755928
php,9.526942646583585
php ,9.526942646583585
ruby ,9.526942646583585
ruby,9.526942646583585
component,8.791237557750417
code,8.791237557750417
component ,8.791237557750417
code ,8.791237557750417
category,8.653779031915693
category ,8.653779031915693
project,8.333333333333334
aspect,8.333333333333334
commerce,8.333333333333334
public,8.333333333333334
aspect ,8.333333333333334
apache,8.333333333333334
plug-in ,8.333333333333334
web server,8.333333333333334
asp ,8.333333333333334
python,8.333333333333334
proprietary ,8.333333333333334
platform ,8.333333333333334
framework ,8.333333333333334
apache ,8.333333333333334
platform,8.333333333333334
framework,8.333333333333334
commerce ,8.333333333333334
drupal ,8.333333333333334
project ,8.333333333333334
plug-in,8.333333333333334
web server ,8.333333333333334
file ,8.333333333333334
service ,8.333333333333334
public ,8.333333333333334
python ,8.333333333333334
service,8.333333333333334
file,8.333333333333334
asp,8.333333333333334
proprietary,8.333333333333334
drupal,8.333333333333334
website ,8.14819047365171
website,8.14819047365171
web design,7.417524884499167
web development software ,7.417524884499167
testing,7.417524884499167
web development software,7.417524884499167
web design ,7.417524884499167
testing ,7.417524884499167
language ,7.417524884499167
language,7.417524884499167
isbn,7.326031298125347
isbn ,7.326031298125347
organization ,7.14520698493769
organization,7.14520698493769
business,6.3512950977223905
business ,6.3512950977223905
area ,6.25
mysql,6.25
form ,6.25
java,6.25
content management system ,6.25
mysql ,6.25
database,6.25
java ,6.25
linux ,6.25
site,6.25
client side coding ,6.25
content management system,6.25
database ,6.25
html editor,6.25
site ,6.25
editor,6.25
html editor ,6.25
client side coding,6.25
area,6.25
text ,6.25
editor ,6.25
text,6.25
form,6.25
linux,6.25
net,5.860825038500279
productivity,5.860825038500279
apis ,5.860825038500279
apis,5.860825038500279
net ,5.860825038500279
productivity ,5.860825038500279
example,5.781333353253557
example ,5.781333353253557
integration ,5.5573832105070915
integration,5.5573832105070915
work ,4.9450165896661105
work,4.9450165896661105
developer productivity tool,4.395618778875209
market ,4.395618778875209
web client,4.395618778875209
addison-wesley professional ,4.395618778875209
remoting messaging ,4.395618778875209
weborb integration server ,4.395618778875209
web client ,4.395618778875209
addison-wesley professional,4.395618778875209
data management,4.395618778875209
data management ,4.395618778875209
remoting messaging and data management ,4.395618778875209
mcconnell,4.395618778875209
weborb integration server,4.395618778875209
remoting messaging,4.395618778875209
developer productivity tool ,4.395618778875209
remoting messaging and data management,4.395618778875209
market,4.395618778875209
mcconnell ,4.395618778875209
sftp ,4.166666666666667
code navigator ,4.166666666666667
role,4.166666666666667
standard ,4.166666666666667
animation,4.166666666666667
local client ,4.166666666666667
consumer ,4.166666666666667
v t e,4.166666666666667
labor,4.166666666666667
consumer,4.166666666666667
labor ,4.166666666666667
xcode,4.166666666666667
people ,4.166666666666667
website builder,4.166666666666667
textmate,4.166666666666667
job,4.166666666666667
dart ,4.166666666666667
shareware ,4.166666666666667
job ,4.166666666666667
sftp,4.166666666666667
local ,4.166666666666667
type,4.166666666666667
microsoft frontpage,4.166666666666667
search engine optimization ,4.166666666666667
xcode ,4.166666666666667
mac app store ,4.166666666666667
interdisciplinary skill,4.166666666666667
multiple section,4.166666666666667
animation ,4.166666666666667
additional reference ,4.166666666666667
transmit,4.166666666666667
role ,4.166666666666667
people,4.166666666666667
citation,4.166666666666667
microsoft frontpage ,4.166666666666667
netobjects fusion ,4.166666666666667
website builder ,4.166666666666667
growth ,4.166666666666667
mind,4.166666666666667
iweb ,4.166666666666667
v t e ,4.166666666666667
blog ,4.166666666666667
server side script ,4.166666666666667
rich web application ,4.166666666666667
shareware,4.166666666666667
issue,4.166666666666667
blog,4.166666666666667
lamp ,4.166666666666667
complex javascript front-end application ,4.166666666666667
multiple section ,4.166666666666667
location ,4.166666666666667
e-commerce,4.166666666666667
instance ,4.166666666666667
domain,4.166666666666667
e-commerce ,4.166666666666667
additional reference,4.166666666666667
search engine optimization,4.166666666666667
domain ,4.166666666666667
type ,4.166666666666667
personal ,4.166666666666667
web design program,4.166666666666667
broad term ,4.166666666666667
interdisciplinary skill ,4.166666666666667
bookmark ,4.166666666666667
server side script,4.166666666666667
growth,4.166666666666667
popular example,4.166666666666667
issue ,4.166666666666667
encryption ,4.166666666666667
local client,4.166666666666667
stub ,4.166666666666667
location,4.166666666666667
mac os x,4.166666666666667
textmate ,4.166666666666667
equivalent,4.166666666666667
result ,4.166666666666667
security concern ,4.166666666666667
rich web application,4.166666666666667
standard,4.166666666666667
netobjects fusion,4.166666666666667
local,4.166666666666667
iweb,4.166666666666667
bookmark,4.166666666666667
mac os x ,4.166666666666667
personal,4.166666666666667
web design program ,4.166666666666667
unsourced statement,4.166666666666667
complex javascript front-end application,4.166666666666667
dart,4.166666666666667
security concern,4.166666666666667
transmit ,4.166666666666667
instance,4.166666666666667
equivalent ,4.166666666666667
result,4.166666666666667
unsourced statement ,4.166666666666667
lamp,4.166666666666667
code navigator,4.166666666666667
mind ,4.166666666666667
mac app store,4.166666666666667
stub,4.166666666666667
interactive ,4.166666666666667
citation ,4.166666666666667
encryption,4.166666666666667
amaya,4.166666666666667
amaya ,4.166666666666667
broad term,4.166666666666667
interactive,4.166666666666667
popular example ,4.166666666666667
practice,3.969559436076494
practice ,3.969559436076494
programming language,3.969559436076494
programming language ,3.969559436076494
method,3.7087624422495833
script ,3.7087624422495833
designer,3.7087624422495833
designer ,3.7087624422495833
adobe dreamweaver,3.7087624422495833
xhtml ,3.7087624422495833
method ,3.7087624422495833
script,3.7087624422495833
adobe dreamweaver ,3.7087624422495833
perl ,3.7087624422495833
xhtml,3.7087624422495833
perl,3.7087624422495833
traditional desktop application,2.9304125192501393
steve ,2.9304125192501393
how-to content ,2.9304125192501393
coldfusion,2.9304125192501393
cleanup ,2.9304125192501393
text editor ,2.9304125192501393
microsoft press ,2.9304125192501393
notepad,2.9304125192501393
edition ,2.9304125192501393
unit,2.9304125192501393
coldfusion ,2.9304125192501393
asp net ,2.9304125192501393
edition,2.9304125192501393
traditional desktop application ,2.9304125192501393
microsoft press,2.9304125192501393
notepad ,2.9304125192501393
asp net,2.9304125192501393
risk,2.9304125192501393
steve,2.9304125192501393
cleanup,2.9304125192501393
how-to content,2.9304125192501393
unit ,2.9304125192501393
text editor,2.9304125192501393
risk ,2.9304125192501393
ability ,2.4725082948330552
recent change ,2.4725082948330552
computer program,2.4725082948330552
category comparison,2.4725082948330552
user experience ,2.4725082948330552
recent change,2.4725082948330552
computer program ,2.4725082948330552
category comparison ,2.4725082948330552
en wikipedia org w index php title category,2.4725082948330552
user experience,2.4725082948330552
list,2.4725082948330552
en wikipedia org w index php title category ,2.4725082948330552
ability,2.4725082948330552
early html editor,2.4725082948330552
list ,2.4725082948330552
early html editor ,2.4725082948330552
en wikipedia,2.408888897188982
purpose ,2.408888897188982
purpose,2.408888897188982
en wikipedia ,2.408888897188982
main article,2.3817356616458962
web service,2.3817356616458962
web service ,2.3817356616458962
main article ,2.3817356616458962
silverlight scalable vector graphics svg webgl and canvas ,2.0833333333333335
lamp linux apache mysql php stack ,2.0833333333333335
public domain practical web development edit ,2.0833333333333335
sql injection ,2.0833333333333335
open source ruby e g,2.0833333333333335
open text,2.0833333333333335
desktop,2.0833333333333335
sites edit,2.0833333333333335
mobile ,2.0833333333333335
computer network architect ,2.0833333333333335
exo platform,2.0833333333333335
rails setup ,2.0833333333333335
stub article ,2.0833333333333335
item ,2.0833333333333335
communication and commerce ,2.0833333333333335
dialect ,2.0833333333333335
mnesia,2.0833333333333335
company ,2.0833333333333335
private network,2.0833333333333335
security patch,2.0833333333333335
animation processing,2.0833333333333335
designated department,2.0833333333333335
command line programming language ,2.0833333333333335
actual code ,2.0833333333333335
shell ,2.0833333333333335
stringent testing,2.0833333333333335
security patch ,2.0833333333333335
internet world wide web,2.0833333333333335
timeline edit ,2.0833333333333335
adobe dreamweaver and netobjects fusion ,2.0833333333333335
download ,2.0833333333333335
instance secure socket layer encryption ssl ,2.0833333333333335
goods and service ,2.0833333333333335
dynamic,2.0833333333333335
private network ,2.0833333333333335
knowledge,2.0833333333333335
grails framework java e g,2.0833333333333335
ubiquitous browser plugin ,2.0833333333333335
concept ,2.0833333333333335
reactj,2.0833333333333335
web software web development computer programming tool ,2.0833333333333335
ajax application ,2.0833333333333335
layout and design,2.0833333333333335
rename file,2.0833333333333335
update ,2.0833333333333335
web software free computer programming tool,2.0833333333333335
electronic business,2.0833333333333335
unsourced material ,2.0833333333333335
transformative communication ,2.0833333333333335
help file ,2.0833333333333335
web application security,2.0833333333333335
mozilla rhino asp net ,2.0833333333333335
separate pane,2.0833333333333335
part ,2.0833333333333335
jquery cross-browser javascript library,2.0833333333333335
erlang lyme solution stack groovy ,2.0833333333333335
desk-based computer,2.0833333333333335
catalyst ,2.0833333333333335
complex web-based internet application,2.0833333333333335
media distribution ,2.0833333333333335
multiple issue,2.0833333333333335
top ,2.0833333333333335
timeline edit,2.0833333333333335
bash,2.0833333333333335
alfresco,2.0833333333333335
integration web applications development integration ,2.0833333333333335
change,2.0833333333333335
coding testing ,2.0833333333333335
url ,2.0833333333333335
terminal,2.0833333333333335
diet coda ,2.0833333333333335
basic,2.0833333333333335
www drupal org,2.0833333333333335
commercial and proprietary web development application ,2.0833333333333335
rename files and folder,2.0833333333333335
client-side scripting ,2.0833333333333335
advanced edit ,2.0833333333333335
bonjour network ,2.0833333333333335
review web publishing macworld references edit ,2.0833333333333335
wordpres,2.0833333333333335
internet safe,2.0833333333333335
docforge ,2.0833333333333335
relation ,2.0833333333333335
client side behavior ,2.0833333333333335
discussion page,2.0833333333333335
canvas,2.0833333333333335
internet world wide web ,2.0833333333333335
protected content,2.0833333333333335
simplest static single page,2.0833333333333335
server part ,2.0833333333333335
actual code,2.0833333333333335
panic initial release ,2.0833333333333335
update,2.0833333333333335
tool and framework,2.0833333333333335
client side and server side aspect ,2.0833333333333335
server side aspect ,2.0833333333333335
technical knowledge ,2.0833333333333335
labor statistic,2.0833333333333335
complex web-based internet application ,2.0833333333333335
stringent testing ,2.0833333333333335
japanese localizer,2.0833333333333335
content management infrastructure design development,2.0833333333333335
media distribution,2.0833333333333335
scripting language ecmascript ,2.0833333333333335
formerly available ,2.0833333333333335
support and testing ,2.0833333333333335
web applications security ,2.0833333333333335
review web publishing macworld references edit,2.0833333333333335
latest proposed standard,2.0833333333333335
technical book ,2.0833333333333335
web design package ,2.0833333333333335
output ,2.0833333333333335
h free html editor,2.0833333333333335
charge ,2.0833333333333335
open-source content management system ,2.0833333333333335
ill intent,2.0833333333333335
layout ,2.0833333333333335
silverlight scalable vector graphics svg webgl,2.0833333333333335
editor edit ,2.0833333333333335
rewrite,2.0833333333333335
buy ,2.0833333333333335
suggestion ,2.0833333333333335
technical book,2.0833333333333335
sql injection,2.0833333333333335
high-level language,2.0833333333333335
ezgenerator f fiddler software firstpage freeway software,2.0833333333333335
wysiwyg manner ,2.0833333333333335
internet safe ,2.0833333333333335
support,2.0833333333333335
database technology edit ,2.0833333333333335
contributing factor,2.0833333333333335
important aspect,2.0833333333333335
product ,2.0833333333333335
web software free computer programming tool ,2.0833333333333335
actual development ,2.0833333333333335
transformative communication,2.0833333333333335
verification,2.0833333333333335
specific workstation,2.0833333333333335
typical and basic web development hierarchy ,2.0833333333333335
additional citation,2.0833333333333335
catalyst,2.0833333333333335
html or xhtml,2.0833333333333335
local and remote location,2.0833333333333335
tersus,2.0833333333333335
offline application,2.0833333333333335
change ,2.0833333333333335
copywriting copyediting ,2.0833333333333335
animation audio video,2.0833333333333335
decision,2.0833333333333335
open source ruby e g ,2.0833333333333335
encoding,2.0833333333333335
html or xhtml ,2.0833333333333335
widely used application,2.0833333333333335
internet tutorial,2.0833333333333335
bargain-hunting experience ,2.0833333333333335
dynamic ,2.0833333333333335
rewrite ,2.0833333333333335
online application,2.0833333333333335
marketing,2.0833333333333335
aptana jaxer,2.0833333333333335
web service development tool ,2.0833333333333335
following subcategory ,2.0833333333333335
unsourced material,2.0833333333333335
information technology security concern ,2.0833333333333335
end-user ,2.0833333333333335
contracting developer ,2.0833333333333335
deployment web server stress,2.0833333333333335
electronic business ,2.0833333333333335
midst,2.0833333333333335
latest proposed standard ,2.0833333333333335
internal project,2.0833333333333335
development edit ,2.0833333333333335
plain text,2.0833333333333335
coda version,2.0833333333333335
open source pyjama ,2.0833333333333335
retailer,2.0833333333333335
different form ,2.0833333333333335
contact form ,2.0833333333333335
basic web page ,2.0833333333333335
java servlet,2.0833333333333335
basic edit,2.0833333333333335
remote version,2.0833333333333335
contracting developer,2.0833333333333335
web content management system ,2.0833333333333335
server side coding ,2.0833333333333335
open source pyjama,2.0833333333333335
good ,2.0833333333333335
different form,2.0833333333333335
page and site element,2.0833333333333335
command-line utility edit ,2.0833333333333335
open source program,2.0833333333333335
wide use,2.0833333333333335
web team,2.0833333333333335
erlang lyme solution stack groovy,2.0833333333333335
collaborative effort,2.0833333333333335
security hole ,2.0833333333333335
individual web site,2.0833333333333335
macromedia ,2.0833333333333335
goods and service,2.0833333333333335
bureau ,2.0833333333333335
midst ,2.0833333333333335
angularj,2.0833333333333335
link ,2.0833333333333335
dynamic and interactive website,2.0833333333333335
growing industry,2.0833333333333335
tersus ,2.0833333333333335
umbrella approach,2.0833333333333335
site element ,2.0833333333333335
ubiquitous client side platform,2.0833333333333335
interactive website,2.0833333333333335
typical ,2.0833333333333335
information security analyst ,2.0833333333333335
secondary assignment,2.0833333333333335
third-party utility ,2.0833333333333335
u s department,2.0833333333333335
external links edit panic,2.0833333333333335
labor statistic ,2.0833333333333335
task,2.0833333333333335
play,2.0833333333333335
x text,2.0833333333333335
amazon,2.0833333333333335
transmit turbo,2.0833333333333335
command-line utility ,2.0833333333333335
ria,2.0833333333333335
simple website development hierarchy,2.0833333333333335
specially-formatted comment tag,2.0833333333333335
web designer,2.0833333333333335
locally modified client side script,2.0833333333333335
instance secure socket layer encryption ssl,2.0833333333333335
personal and interactive ,2.0833333333333335
x text ,2.0833333333333335
vector graphic,2.0833333333333335
web development team ,2.0833333333333335
customer,2.0833333333333335
w wavemaker retrieved ,2.0833333333333335
flash adobe flash player ,2.0833333333333335
web page ,2.0833333333333335
typical areas edit,2.0833333333333335
xaml and net programming language ,2.0833333333333335
graphic design web design information architecture ,2.0833333333333335
support and testing,2.0833333333333335
graphic designer and or information systems technician ,2.0833333333333335
layout and design ,2.0833333333333335
bureau,2.0833333333333335
grails framework java e g ,2.0833333333333335
remote location ,2.0833333333333335
database server,2.0833333333333335
facebook ,2.0833333333333335
development advanced ,2.0833333333333335
preview,2.0833333333333335
tools and platform ,2.0833333333333335
executable code ,2.0833333333333335
complex,2.0833333333333335
local computer,2.0833333333333335
minimum,2.0833333333333335
third-party utility,2.0833333333333335
sites edit ,2.0833333333333335
django web framework ,2.0833333333333335
single permanent or contracting developer,2.0833333333333335
coding testing,2.0833333333333335
sections site,2.0833333333333335
specific area,2.0833333333333335
updated content locally,2.0833333333333335
unauthorized access,2.0833333333333335
writing markup and coding,2.0833333333333335
open text or open source,2.0833333333333335
device ,2.0833333333333335
web pages and website,2.0833333333333335
wide variety,2.0833333333333335
steven frank,2.0833333333333335
regular expression ,2.0833333333333335
face-to-face training,2.0833333333333335
server side aspect,2.0833333333333335
commercial program ,2.0833333333333335
intrusion,2.0833333333333335
jsp ,2.0833333333333335
project management,2.0833333333333335
ruby on rails open source scala e g ,2.0833333333333335
client-side functionality,2.0833333333333335
download,2.0833333333333335
good,2.0833333333333335
javascript javascript,2.0833333333333335
rich internet application,2.0833333333333335
dart programming language,2.0833333333333335
web content development,2.0833333333333335
find replace mechanism ,2.0833333333333335
basic ,2.0833333333333335
larger organizations and business ,2.0833333333333335
exo platform ,2.0833333333333335
ezgenerator f fiddler software firstpage freeway software ,2.0833333333333335
cost,2.0833333333333335
graphical user interface,2.0833333333333335
url,2.0833333333333335
five or six different program,2.0833333333333335
hypertext markup language html,2.0833333333333335
syntax,2.0833333333333335
document ,2.0833333333333335
wide use ,2.0833333333333335
web applications security,2.0833333333333335
server port hardening ,2.0833333333333335
easily implemented blog-environment ,2.0833333333333335
basic practice,2.0833333333333335
content management infrastructure design development ,2.0833333333333335
lamp linux apache mysql php stack,2.0833333333333335
web design software type ,2.0833333333333335
net programming language ,2.0833333333333335
larger organization,2.0833333333333335
stub article,2.0833333333333335
client side coding edit ,2.0833333333333335
basic web development hierarchy,2.0833333333333335
collaborative effort ,2.0833333333333335
related job position ,2.0833333333333335
public release,2.0833333333333335
exploit,2.0833333333333335
reference,2.0833333333333335
server side processing,2.0833333333333335
charge,2.0833333333333335
reliable source,2.0833333333333335
device,2.0833333333333335
sections site ,2.0833333333333335
mojoliciou ,2.0833333333333335
external links edit panic ,2.0833333333333335
admin panel ,2.0833333333333335
animation audio video ,2.0833333333333335
network security configuration,2.0833333333333335
proprietary web development application,2.0833333333333335
certificate ,2.0833333333333335
social network service,2.0833333333333335
licensed version,2.0833333333333335
designated department ,2.0833333333333335
basic web development hierarchy ,2.0833333333333335
talk page,2.0833333333333335
popularity ,2.0833333333333335
specially-formatted comment tag ,2.0833333333333335
sandboxing restriction,2.0833333333333335
desktop ,2.0833333333333335
certificate,2.0833333333333335
email address,2.0833333333333335
specific application endure ,2.0833333333333335
basic practice ,2.0833333333333335
web application security ,2.0833333333333335
sensitive information ,2.0833333333333335
full-featured website development platform,2.0833333333333335
panic initial release,2.0833333333333335
net programming language,2.0833333333333335
communication citation,2.0833333333333335
high-level language ,2.0833333333333335
occupational outlook handbook ,2.0833333333333335
different file,2.0833333333333335
remote location,2.0833333333333335
web design package,2.0833333333333335
link,2.0833333333333335
social networking ,2.0833333333333335
notable feature,2.0833333333333335
contributing factor ,2.0833333333333335
lack ,2.0833333333333335
task ,2.0833333333333335
writing markup ,2.0833333333333335
discussion page ,2.0833333333333335
client side coding edit,2.0833333333333335
desktop and mobile,2.0833333333333335
xoop,2.0833333333333335
amazon ,2.0833333333333335
marketing ,2.0833333333333335
launch security patch update ,2.0833333333333335
preview ,2.0833333333333335
folder,2.0833333333333335
online interaction,2.0833333333333335
cross-browser web design website builder web development tool,2.0833333333333335
information and media distribution,2.0833333333333335
compiler,2.0833333333333335
basic edit ,2.0833333333333335
web usability ,2.0833333333333335
backbonej,2.0833333333333335
buy,2.0833333333333335
principle benefit ,2.0833333333333335
dancer ,2.0833333333333335
personal networking and marketing ,2.0833333333333335
multiple issue ,2.0833333333333335
web development team,2.0833333333333335
different program,2.0833333333333335
server-side code ,2.0833333333333335
coda version ,2.0833333333333335
dart programming language ,2.0833333333333335
dynamic and interactive website ,2.0833333333333335
xaml and net programming language,2.0833333333333335
open source program ,2.0833333333333335
play framework ,2.0833333333333335
enterprise content management system ,2.0833333333333335
allaire cgi erlang ,2.0833333333333335
microsoft expression studio,2.0833333333333335
command-line utility edit,2.0833333333333335
syntax ,2.0833333333333335
secondary assignment ,2.0833333333333335
simple website development hierarchy ,2.0833333333333335
client-side scripting,2.0833333333333335
output,2.0833333333333335
email address ,2.0833333333333335
docforge,2.0833333333333335
related job position,2.0833333333333335
locally modified client side script ,2.0833333333333335
testing and launch security patch update,2.0833333333333335
rich internet application ,2.0833333333333335
graphic designer ,2.0833333333333335
ruby on rails open source scala e g,2.0833333333333335
remote version ,2.0833333333333335
comprehensive list,2.0833333333333335
adobe dreamweaver and netobjects fusion,2.0833333333333335
client-side functionality ,2.0833333333333335
internal project ,2.0833333333333335
sharing,2.0833333333333335
technical knowledge,2.0833333333333335
online interaction and communication,2.0833333333333335
desired result ,2.0833333333333335
server environment,2.0833333333333335
reactj ,2.0833333333333335
personal networking and marketing,2.0833333333333335
drupal association ,2.0833333333333335
credit card number ,2.0833333333333335
emberj ,2.0833333333333335
web pages and website ,2.0833333333333335
set ,2.0833333333333335
wysiwyg editor,2.0833333333333335
webobjects lotus domino node ,2.0833333333333335
accessibility ,2.0833333333333335
system mac os x type web development license proprietary ,2.0833333333333335
gui graphic user interface design audio video,2.0833333333333335
lapr linux apache postgresql ruby ,2.0833333333333335
offline application ,2.0833333333333335
college,2.0833333333333335
web site security analysis testing web site code optimization,2.0833333333333335
accessibility and search engine optimization,2.0833333333333335
non-technical people ,2.0833333333333335
information security analyst,2.0833333333333335
graphic designer,2.0833333333333335
public release ,2.0833333333333335
single page application and offline application,2.0833333333333335
webdav client,2.0833333333333335
command-line utility,2.0833333333333335
sections edit,2.0833333333333335
ubiquitous client side platform ,2.0833333333333335
basic interdisciplinary skill,2.0833333333333335
creation ,2.0833333333333335
ftp ssl,2.0833333333333335
help file,2.0833333333333335
notable feature ,2.0833333333333335
web design software type,2.0833333333333335
malicious user ,2.0833333333333335
high-definition video playback ,2.0833333333333335
shopping and bargain-hunting experience,2.0833333333333335
files portion,2.0833333333333335
updated content locally ,2.0833333333333335
ill intent ,2.0833333333333335
actual development,2.0833333333333335
play ,2.0833333333333335
application development platform xcode,2.0833333333333335
intrusion ,2.0833333333333335
certificate authorities,2.0833333333333335
launch security patch update,2.0833333333333335
flash adobe flash player,2.0833333333333335
writing markup,2.0833333333333335
personal and interactive,2.0833333333333335
microsoft silverlight microsoft ,2.0833333333333335
internet fraud,2.0833333333333335
intranet ,2.0833333333333335
graphic design web design information architecture and copywriting copyediting,2.0833333333333335
hypertext markup language html ,2.0833333333333335
cocoa,2.0833333333333335
industry edit,2.0833333333333335
dramatic transformation,2.0833333333333335
scratch ,2.0833333333333335
growing industry ,2.0833333333333335
microsoft word,2.0833333333333335
project management ,2.0833333333333335
different program ,2.0833333333333335
microsoft word ,2.0833333333333335
ajax asynchronous javascript ,2.0833333333333335
open source system,2.0833333333333335
play framework,2.0833333333333335
typical areas edit ,2.0833333333333335
basic web page,2.0833333333333335
primitive knowledge ,2.0833333333333335
widely used application ,2.0833333333333335
regular ftp,2.0833333333333335
accessibility,2.0833333333333335
specific workstation ,2.0833333333333335
microsoft ii ,2.0833333333333335
diet coda,2.0833333333333335
reference ,2.0833333333333335
individual web site ,2.0833333333333335
wide variety ,2.0833333333333335
drupal cms benefit,2.0833333333333335
social network service ,2.0833333333333335
admin panel,2.0833333333333335
end-user,2.0833333333333335
coding testing and reference ,2.0833333333333335
support ,2.0833333333333335
security hole,2.0833333333333335
typical and basic web development hierarchy,2.0833333333333335
suggestion,2.0833333333333335
single page application ,2.0833333333333335
middleware ,2.0833333333333335
unauthorized access ,2.0833333333333335
minimum ,2.0833333333333335
open source python e g ,2.0833333333333335
mobile,2.0833333333333335
rename file ,2.0833333333333335
sharing ,2.0833333333333335
network security configuration ,2.0833333333333335
set,2.0833333333333335
department,2.0833333333333335
cost ,2.0833333333333335
non-technical people,2.0833333333333335
web software web development computer programming tool,2.0833333333333335
five or six different program ,2.0833333333333335
certificate authorities ,2.0833333333333335
applescript,2.0833333333333335
retailer ,2.0833333333333335
credit card number,2.0833333333333335
vector graphic ,2.0833333333333335
opa ,2.0833333333333335
steven frank ,2.0833333333333335
animation processing ,2.0833333333333335
five,2.0833333333333335
principle benefit,2.0833333333333335
college ,2.0833333333333335
ruby and python ,2.0833333333333335
yaw,2.0833333333333335
online application ,2.0833333333333335
full-featured website development platform ,2.0833333333333335
commercial and proprietary web development application,2.0833333333333335
apache derby couchdb filemaker firebird hadoop ibm,2.0833333333333335
command-line coda ,2.0833333333333335
alfresco ,2.0833333333333335
web usability,2.0833333333333335
applescript ,2.0833333333333335
web team ,2.0833333333333335
ubiquitous browser plugin,2.0833333333333335
lift framework open source ssjs server-side javascript,2.0833333333333335
application environment ,2.0833333333333335
silverlight scalable vector graphics svg webgl and canvas,2.0833333333333335
commercial,2.0833333333333335
local and remote version,2.0833333333333335
personal networking ,2.0833333333333335
good example,2.0833333333333335
captcha field,2.0833333333333335
ftp ssl ,2.0833333333333335
client side behavior,2.0833333333333335
coda plug-in creator ,2.0833333333333335
server environment ,2.0833333333333335
primitive knowledge,2.0833333333333335
ftp setting ,2.0833333333333335
h free html editor ,2.0833333333333335
webdav client ,2.0833333333333335
creation,2.0833333333333335
server side processing ,2.0833333333333335
advanced edit,2.0833333333333335
tool and framework ,2.0833333333333335
lapr linux apache postgresql ruby,2.0833333333333335
find replace mechanism,2.0833333333333335
single permanent or contracting developer ,2.0833333333333335
lift framework open source ssjs server-side javascript ,2.0833333333333335
open source system ,2.0833333333333335
easy-to-use wysiwyg web-development software,2.0833333333333335
local computer ,2.0833333333333335
shopping and bargain-hunting experience ,2.0833333333333335
application development platform xcode ,2.0833333333333335
accessibility and search engine optimization ,2.0833333333333335
simple directive ,2.0833333333333335
canvas ,2.0833333333333335
server side code,2.0833333333333335
password ,2.0833333333333335
plain text ,2.0833333333333335
jquery cross-browser javascript library ,2.0833333333333335
desired result,2.0833333333333335
files edit coda,2.0833333333333335
testing and launch security patch update ,2.0833333333333335
system mac os x type web development license proprietary,2.0833333333333335
middleware,2.0833333333333335
hundred ,2.0833333333333335
command line programming language,2.0833333333333335
product,2.0833333333333335
graphical user interface ,2.0833333333333335
dramatic transformation ,2.0833333333333335
item,2.0833333333333335
information systems technician ,2.0833333333333335
javascript javascript ,2.0833333333333335
open text or open source ,2.0833333333333335
smaller organization,2.0833333333333335
backbonej ,2.0833333333333335
xaml ,2.0833333333333335
ipad version,2.0833333333333335
corresponding line,2.0833333333333335
formerly available,2.0833333333333335
ruby and python,2.0833333333333335
movable type,2.0833333333333335
simplest static single page ,2.0833333333333335
facebook,2.0833333333333335
main non-design aspect,2.0833333333333335
xaml,2.0833333333333335
internet tutorial ,2.0833333333333335
tools and platform,2.0833333333333335
page and site element ,2.0833333333333335
movable type ,2.0833333333333335
www drupal org ,2.0833333333333335
custom ,2.0833333333333335
licensed version ,2.0833333333333335
scripting language ecmascript,2.0833333333333335
local and remote version ,2.0833333333333335
ajax asynchronous javascript,2.0833333333333335
customer ,2.0833333333333335
server part,2.0833333333333335
concept,2.0833333333333335
commercialization ,2.0833333333333335
personal networking,2.0833333333333335
information and media distribution ,2.0833333333333335
high-definition video playback,2.0833333333333335
rise,2.0833333333333335
layout,2.0833333333333335
server side coding,2.0833333333333335
face-to-face training ,2.0833333333333335
site element,2.0833333333333335
online interaction and communication ,2.0833333333333335
development speed,2.0833333333333335
intranet,2.0833333333333335
ebay ,2.0833333333333335
sections edit ,2.0833333333333335
web service development tool,2.0833333333333335
verification ,2.0833333333333335
web content development ,2.0833333333333335
microsoft expression studio ,2.0833333333333335
open-source content management system,2.0833333333333335
java servlet ,2.0833333333333335
proprietary web development application ,2.0833333333333335
knowledge ,2.0833333333333335
allaire cgi erlang,2.0833333333333335
compiler ,2.0833333333333335
reliable source ,2.0833333333333335
talk page ,2.0833333333333335
products and service,2.0833333333333335
server-side code,2.0833333333333335
apache mysql php package,2.0833333333333335
computer network architect,2.0833333333333335
nature,2.0833333333333335
microsoft silverlight microsoft,2.0833333333333335
occurring,2.0833333333333335
dancer,2.0833333333333335
malicious practice,2.0833333333333335
open text ,2.0833333333333335
graphic designer and or information systems technician,2.0833333333333335
five ,2.0833333333333335
integration web applications development integration,2.0833333333333335
writing markup and coding ,2.0833333333333335
asp net mvc frameworks microsoft proprietary client side,2.0833333333333335
mail spamming,2.0833333333333335
deployment web server stress ,2.0833333333333335
captcha field ,2.0833333333333335
client-side server-side scripting ,2.0833333333333335
files portion ,2.0833333333333335
gui graphic user interface design audio video ,2.0833333333333335
e-commerce development,2.0833333333333335
search coda developer,2.0833333333333335
communication and commerce,2.0833333333333335
date,2.0833333333333335
graphic design web design information architecture and copywriting copyediting ,2.0833333333333335
commercialization,2.0833333333333335
aptana jaxer ,2.0833333333333335
document,2.0833333333333335
xoop ,2.0833333333333335
commercial program,2.0833333333333335
scratch,2.0833333333333335
specific task ,2.0833333333333335
client liaison ,2.0833333333333335
google web toolkit,2.0833333333333335
regular ftp ,2.0833333333333335
coding testing and reference,2.0833333333333335
main non-design aspect ,2.0833333333333335
microsoft ii,2.0833333333333335
separate pane ,2.0833333333333335
executable code,2.0833333333333335
point ,2.0833333333333335
products and service ,2.0833333333333335
part,2.0833333333333335
exploit ,2.0833333333333335
japanese localizer ,2.0833333333333335
public domain practical web development edit,2.0833333333333335
apache mysql php package ,2.0833333333333335
half,2.0833333333333335
single page application and offline application ,2.0833333333333335
regular expression,2.0833333333333335
window ,2.0833333333333335
decision ,2.0833333333333335
client side and server side aspect,2.0833333333333335
wordpres ,2.0833333333333335
complex ,2.0833333333333335
information technology security concern,2.0833333333333335
open source python e g,2.0833333333333335
emberjs and reactj,2.0833333333333335
internet fraud ,2.0833333333333335
mail spamming ,2.0833333333333335
development advanced,2.0833333333333335
jsp,2.0833333333333335
e-commerce development ,2.0833333333333335
account many security consideration,2.0833333333333335
django web framework,2.0833333333333335
relation,2.0833333333333335
easily implemented blog-environment,2.0833333333333335
ajax application,2.0833333333333335
u s department ,2.0833333333333335
occurring ,2.0833333333333335
protected content ,2.0833333333333335
apache derby couchdb filemaker firebird hadoop ibm ,2.0833333333333335
server side edit ,2.0833333333333335
simple directive,2.0833333333333335
macromedia,2.0833333333333335
data entry error ,2.0833333333333335
specific application endure,2.0833333333333335
w wavemaker retrieved,2.0833333333333335
emberj,2.0833333333333335
shopping,2.0833333333333335
search coda developer ,2.0833333333333335
commercial ,2.0833333333333335
plug-ins edit,2.0833333333333335
specific area ,2.0833333333333335
nature ,2.0833333333333335
enterprise content management system,2.0833333333333335
single page application,2.0833333333333335
bargain-hunting experience,2.0833333333333335
book ,2.0833333333333335
server side edit,2.0833333333333335
web professional,2.0833333333333335
joomla ,2.0833333333333335
single permanent,2.0833333333333335
joomla,2.0833333333333335
social networking,2.0833333333333335
popularity,2.0833333333333335
following subcategory,2.0833333333333335
top,2.0833333333333335
rise ,2.0833333333333335
easy-to-use wysiwyg web-development software ,2.0833333333333335
drupal cms benefit ,2.0833333333333335
command-line coda,2.0833333333333335
folder ,2.0833333333333335
shell,2.0833333333333335
account many security consideration ,2.0833333333333335
ipad version ,2.0833333333333335
bash ,2.0833333333333335
different file ,2.0833333333333335
web site security analysis testing web site code optimization ,2.0833333333333335
web content management system,2.0833333333333335
hundred,2.0833333333333335
basic understanding ,2.0833333333333335
tab,2.0833333333333335
opa,2.0833333333333335
online interaction ,2.0833333333333335
single permanent ,2.0833333333333335
rails setup,2.0833333333333335
cross-browser web design website builder web development tool ,2.0833333333333335
mojoliciou,2.0833333333333335
information systems technician,2.0833333333333335
webdev,2.0833333333333335
angularj ,2.0833333333333335
industry edit ,2.0833333333333335
desktop and mobile ,2.0833333333333335
data entry error,2.0833333333333335
reviews edit macworld ,2.0833333333333335
web browser ,2.0833333333333335
sandboxing restriction ,2.0833333333333335
tab ,2.0833333333333335
mnesia ,2.0833333333333335
online auction-site ,2.0833333333333335
wysiwyg manner,2.0833333333333335
database technology edit,2.0833333333333335
rename files and folder ,2.0833333333333335
additional citation ,2.0833333333333335
malicious user,2.0833333333333335
ftp setting,2.0833333333333335
shopping ,2.0833333333333335
important aspect ,2.0833333333333335
web browser,2.0833333333333335
silverlight scalable vector graphics svg webgl ,2.0833333333333335
desk-based computer ,2.0833333333333335
typical,2.0833333333333335
basic understanding,2.0833333333333335
client liaison,2.0833333333333335
copywriting copyediting,2.0833333333333335
yaw ,2.0833333333333335
ria ,2.0833333333333335
point,2.0833333333333335
graphic design web design information architecture,2.0833333333333335
encoding ,2.0833333333333335
contact form,2.0833333333333335
user interface ,2.0833333333333335
online auction-site,2.0833333333333335
development speed ,2.0833333333333335
emberjs and reactj ,2.0833333333333335
server port hardening,2.0833333333333335
password,2.0833333333333335
database server ,2.0833333333333335
basic interdisciplinary skill ,2.0833333333333335
asp net mvc frameworks microsoft proprietary client side ,2.0833333333333335
corresponding line ,2.0833333333333335
larger organization ,2.0833333333333335
local and remote location ,2.0833333333333335
custom,2.0833333333333335
department ,2.0833333333333335
google web toolkit ,2.0833333333333335
mozilla rhino asp net,2.0833333333333335
dialect,2.0833333333333335
user interface,2.0833333333333335
sensitive information,2.0833333333333335
lack,2.0833333333333335
application environment,2.0833333333333335
malicious practice ,2.0833333333333335
window,2.0833333333333335
bonjour network,2.0833333333333335
terminal ,2.0833333333333335
company,2.0833333333333335
transmit turbo ,2.0833333333333335
client-side server-side scripting,2.0833333333333335
web professional ,2.0833333333333335
files edit coda ,2.0833333333333335
reviews edit macworld,2.0833333333333335
subethaedit engine,2.0833333333333335
occupational outlook handbook,2.0833333333333335
web designer ,2.0833333333333335
specific task,2.0833333333333335
development edit,2.0833333333333335
coda plug-in creator,2.0833333333333335
half ,2.0833333333333335
ebay,2.0833333333333335
wysiwyg editor ,2.0833333333333335
webobjects lotus domino node,2.0833333333333335
comprehensive list ,2.0833333333333335
plug-ins edit ,2.0833333333333335
server side code ,2.0833333333333335
interactive website ,2.0833333333333335
subethaedit engine ,2.0833333333333335
communication citation ,2.0833333333333335
editor edit,2.0833333333333335
good example ,2.0833333333333335
date ,2.0833333333333335
webdev ,2.0833333333333335
web page,2.0833333333333335
smaller organization ,2.0833333333333335
cocoa ,2.0833333333333335
book,2.0833333333333335
umbrella approach ,2.0833333333333335
larger organizations and business,2.0833333333333335
drupal association,2.0833333333333335
ftp client ,1.4652062596250697
component-based software method,1.4652062596250697
textedit,1.4652062596250697
additional testing,1.4652062596250697
smaller component ,1.4652062596250697
major issue ,1.4652062596250697
major issue,1.4652062596250697
nubuilder dbqwiksite ,1.4652062596250697
thing ,1.4652062596250697
level ,1.4652062596250697
adobe cf builder,1.4652062596250697
advice,1.4652062596250697
coincide,1.4652062596250697
personal home page,1.4652062596250697
stock trading web site ,1.4652062596250697
perspective,1.4652062596250697
company-growth and requirements churn,1.4652062596250697
agile lifecycle model,1.4652062596250697
functional ,1.4652062596250697
code generation tool ,1.4652062596250697
tools edit,1.4652062596250697
code generation tool,1.4652062596250697
code complete,1.4652062596250697
leffingwell ,1.4652062596250697
security testing,1.4652062596250697
formal design ,1.4652062596250697
m-power,1.4652062596250697
nubuilder dbqwiksite or m-power ,1.4652062596250697
functional and security testing ,1.4652062596250697
eclipse software ,1.4652062596250697
stakeholder ,1.4652062596250697
test planning,1.4652062596250697
microsoft visual studio,1.4652062596250697
software requirement ,1.4652062596250697
helpful tool ,1.4652062596250697
non-technical user ,1.4652062596250697
mike andrew,1.4652062596250697
process ,1.4652062596250697
cleanup article,1.4652062596250697
working code,1.4652062596250697
web-based business ,1.4652062596250697
break web software ,1.4652062596250697
gui level ,1.4652062596250697
architectural description,1.4652062596250697
related open source cfml engine,1.4652062596250697
viewpoints and perspective,1.4652062596250697
helpful tool,1.4652062596250697
team,1.4652062596250697
component level,1.4652062596250697
php developer ,1.4652062596250697
test planning ,1.4652062596250697
expansion,1.4652062596250697
microsoft visual studio ,1.4652062596250697
web application client,1.4652062596250697
nubuilder dbqwiksite,1.4652062596250697
cleanup article ,1.4652062596250697
software systems architecture,1.4652062596250697
watir,1.4652062596250697
expansion ,1.4652062596250697
rails cgi python django,1.4652062596250697
popular ,1.4652062596250697
eclipse software,1.4652062596250697
working code ,1.4652062596250697
zend development environment,1.4652062596250697
leffingwell,1.4652062596250697
nick,1.4652062596250697
portal device independence list ,1.4652062596250697
process and practice,1.4652062596250697
java programming language,1.4652062596250697
change control,1.4652062596250697
james ,1.4652062596250697
requirements churn ,1.4652062596250697
technical complexity,1.4652062596250697
visual programming environment ,1.4652062596250697
documentation ,1.4652062596250697
requirements analysis,1.4652062596250697
non-technical user,1.4652062596250697
test ,1.4652062596250697
formal design,1.4652062596250697
projects security ,1.4652062596250697
mike andrew ,1.4652062596250697
case,1.4652062596250697
gui level,1.4652062596250697
case ,1.4652062596250697
web application framework practicing code reuse,1.4652062596250697
unit testing framework ,1.4652062596250697
team ,1.4652062596250697
web application framework ,1.4652062596250697
web application framework,1.4652062596250697
formal design and construction practice,1.4652062596250697
apache tomcat ,1.4652062596250697
technical complexity ,1.4652062596250697
xunit package ,1.4652062596250697
benefit ,1.4652062596250697
software bug ,1.4652062596250697
rapid development ,1.4652062596250697
software bug,1.4652062596250697
advice ,1.4652062596250697
rapid development,1.4652062596250697
e in wood,1.4652062596250697
further reading edit whittaker,1.4652062596250697
process,1.4652062596250697
viewpoints and perspective ,1.4652062596250697
company-growth and requirements churn ,1.4652062596250697
experienced coder,1.4652062596250697
nick ,1.4652062596250697
rozanski,1.4652062596250697
ftp client,1.4652062596250697
use case approach ,1.4652062596250697
agile lifecycle model ,1.4652062596250697
smaller component,1.4652062596250697
concern ,1.4652062596250697
web application framework practicing code reuse ,1.4652062596250697
stress html css validation accessibility usability cross-browser many type ,1.4652062596250697
process and practice ,1.4652062596250697
benefit,1.4652062596250697
wikiversity wikibook,1.4652062596250697
formal design and construction practice ,1.4652062596250697
fact ,1.4652062596250697
personal home page ,1.4652062596250697
security performance ,1.4652062596250697
category web development software,1.4652062596250697
php class,1.4652062596250697
component-based software method ,1.4652062596250697
externally developed component,1.4652062596250697
cfeclipse plugin,1.4652062596250697
php developer,1.4652062596250697
requirements churn,1.4652062596250697
dean,1.4652062596250697
section ,1.4652062596250697
how-to sections article,1.4652062596250697
java programming language ,1.4652062596250697
component level ,1.4652062596250697
visual programming environment,1.4652062596250697
thing,1.4652062596250697
use case approach,1.4652062596250697
adobe cf builder ,1.4652062596250697
wt xojo drupal lifecycle model edit,1.4652062596250697
concern,1.4652062596250697
reuse edit,1.4652062596250697
unit testing framework,1.4652062596250697
nubuilder dbqwiksite or m-power,1.4652062596250697
wt xojo drupal lifecycle model edit ,1.4652062596250697
portal device independence list,1.4652062596250697
principle,1.4652062596250697
perspective ,1.4652062596250697
code complete ,1.4652062596250697
agile practice,1.4652062596250697
textedit ,1.4652062596250697
construction practice,1.4652062596250697
web application client ,1.4652062596250697
numerous debugging tool ,1.4652062596250697
level,1.4652062596250697
hammerkit abstract php ,1.4652062596250697
php class ,1.4652062596250697
related open source cfml engine ,1.4652062596250697
integration and system testing,1.4652062596250697
software requirement,1.4652062596250697
xunit package,1.4652062596250697
specific ,1.4652062596250697
notepad or textedit ,1.4652062596250697
development cycle,1.4652062596250697
section,1.4652062596250697
load ,1.4652062596250697
experienced coder ,1.4652062596250697
rails cgi python django ,1.4652062596250697
system testing ,1.4652062596250697
cfeclipse plugin ,1.4652062596250697
how-to sections article ,1.4652062596250697
company-growth,1.4652062596250697
software systems architecture ,1.4652062596250697
externally developed component ,1.4652062596250697
requirements analysis ,1.4652062596250697
load,1.4652062596250697
viewpoint ,1.4652062596250697
development cycle ,1.4652062596250697
rich feature ,1.4652062596250697
imacro,1.4652062596250697
security performance,1.4652062596250697
fact,1.4652062596250697
imacro ,1.4652062596250697
documentation,1.4652062596250697
category web development software ,1.4652062596250697
instruction ,1.4652062596250697
system testing,1.4652062596250697
projects security,1.4652062596250697
wikiversity wikibook ,1.4652062596250697
break web software,1.4652062596250697
james,1.4652062596250697
change control ,1.4652062596250697
principle ,1.4652062596250697
eclipse software and adobe cf builder,1.4652062596250697
instruction,1.4652062596250697
hammerkit abstract php,1.4652062596250697
test,1.4652062596250697
further reading edit whittaker ,1.4652062596250697
eclipse software and adobe cf builder ,1.4652062596250697
reuse edit ,1.4652062596250697
dean ,1.4652062596250697
company-growth ,1.4652062596250697
notepad or textedit,1.4652062596250697
additional testing ,1.4652062596250697
numerous debugging tool,1.4652062596250697
construction practice ,1.4652062596250697
apache tomcat,1.4652062596250697
viewpoint,1.4652062596250697
agile practice ,1.4652062596250697
architectural description ,1.4652062596250697
stock trading web site,1.4652062596250697
e in wood ,1.4652062596250697
stress html css validation accessibility usability cross-browser many type,1.4652062596250697
rozanski ,1.4652062596250697
money,1.4652062596250697
integration and system testing ,1.4652062596250697
watir ,1.4652062596250697
functional,1.4652062596250697
security testing ,1.4652062596250697
m-power ,1.4652062596250697
money ,1.4652062596250697
tools edit ,1.4652062596250697
popular,1.4652062596250697
zend development environment ,1.4652062596250697
specific,1.4652062596250697
web-based business,1.4652062596250697
functional and security testing,1.4652062596250697
rich feature,1.4652062596250697
stakeholder,1.4652062596250697
coincide ,1.4652062596250697
encyclopedia jump ,0.0
encyclopedia jump,0.0
navigation,0.0
wikipedia,0.0
navigation ,0.0
wikipedia ,0.0
