entrepreneur,99.99999999999999
entrepreneur ,99.99999999999999
entrepreneurship ,99.99999948128985
entrepreneurship,99.99999948128985
software,99.83615304330651
software ,99.83615304330651
capital,99.70949004856362
capital ,99.70949004856362
schumpeter ,99.31269714813253
schumpeter,99.31269714813253
risk,99.20630262890658
risk ,99.20630262890658
needed ,99.08328543010221
needed,99.08328543010221
individual ,98.77634933646341
individual,98.77634933646341
journal ,98.36493728110919
cantillon,98.36493728110919
cantillon ,98.36493728110919
journal,98.36493728110919
project,97.81211916079309
project ,97.81211916079309
venture,97.46742033796232
venture ,97.46742033796232
investor,97.0667887603171
research ,97.0667887603171
investor ,97.0667887603171
research,97.0667887603171
small business,96.60057776269865
small business ,96.60057776269865
bootstrapping ,95.4230491013573
bootstrapping,95.4230491013573
resource ,94.68121257530899
theory,94.68121257530899
resource,94.68121257530899
theory ,94.68121257530899
peter ,93.81144022841389
peter,93.81144022841389
shane ,92.7887784370181
entrepreneurship education,92.7887784370181
entrepreneurship education ,92.7887784370181
shane,92.7887784370181
term ,91.58226522605075
term,91.58226522605075
help ,90.15300528989418
help,90.15300528989418
social,90.15300528989418
springer ,90.15300528989418
french ,90.15300528989418
debt ,90.15300528989418
french,90.15300528989418
social ,90.15300528989418
springer,90.15300528989418
uncertainty ,90.15300528989418
economics,90.15300528989418
uncertainty,90.15300528989418
debt,90.15300528989418
economics ,90.15300528989418
team ,88.4514101185129
organization,88.4514101185129
team,88.4514101185129
technology ,88.4514101185129
organization ,88.4514101185129
technology,88.4514101185129
approach ,86.4131244610376
richard cantillon ,86.4131244610376
flow,86.4131244610376
red ball ,86.4131244610376
csikszentmihalyi ,86.4131244610376
challenge,86.4131244610376
success ,86.4131244610376
capitalism,86.4131244610376
approach,86.4131244610376
csikszentmihalyi,86.4131244610376
challenge ,86.4131244610376
red ball,86.4131244610376
flow ,86.4131244610376
capitalism ,86.4131244610376
success,86.4131244610376
richard cantillon,86.4131244610376
drucker,83.95280552430987
robert ,83.95280552430987
work ,83.95280552430987
high,83.95280552430987
robert,83.95280552430987
venture capital,83.95280552430987
high ,83.95280552430987
knight,83.95280552430987
work,83.95280552430987
knight ,83.95280552430987
venture capital ,83.95280552430987
drucker ,83.95280552430987
political economy,80.95423002091347
joseph schumpeter,80.95423002091347
montessori ,80.95423002091347
montessori,80.95423002091347
s rensen,80.95423002091347
number,80.95423002091347
price ,80.95423002091347
price,80.95423002091347
s rensen ,80.95423002091347
political economy ,80.95423002091347
joseph schumpeter ,80.95423002091347
idea,80.95423002091347
idea ,80.95423002091347
number ,80.95423002091347
essai,80.95423002091347
essai ,80.95423002091347
economic growth,77.25376873706148
piracy ,77.25376873706148
peter drucker ,77.25376873706148
peter drucker,77.25376873706148
concept,77.25376873706148
concept ,77.25376873706148
piracy,77.25376873706148
economic growth ,77.25376873706148
career ,72.68129437997749
career,72.68129437997749
area ,72.6110453601488
statistically ,72.6110453601488
change,72.6110453601488
jar,72.6110453601488
johnson ,72.6110453601488
performance ,72.6110453601488
specifically marked weasel-worded phrase,72.6110453601488
private equity ,72.6110453601488
g n ral ,72.6110453601488
practice ,72.6110453601488
performance,72.6110453601488
g n ral,72.6110453601488
general,72.6110453601488
start-up,72.6110453601488
private equity,72.6110453601488
function,72.6110453601488
jar ,72.6110453601488
owner ,72.6110453601488
probability ,72.6110453601488
information ,72.6110453601488
encyclopedia ,72.6110453601488
method ,72.6110453601488
johnson,72.6110453601488
jean-baptiste ,72.6110453601488
business venturing ,72.6110453601488
area,72.6110453601488
mihaly ,72.6110453601488
specifically marked weasel-worded phrase ,72.6110453601488
level,72.6110453601488
competence,72.6110453601488
academy,72.6110453601488
encyclopedia,72.6110453601488
function ,72.6110453601488
competence ,72.6110453601488
information,72.6110453601488
essai sur ,72.6110453601488
level ,72.6110453601488
software entrepreneurship ,72.6110453601488
client ,72.6110453601488
client,72.6110453601488
public opinion ,72.6110453601488
change ,72.6110453601488
probability,72.6110453601488
method,72.6110453601488
owner,72.6110453601488
project-entrepreneur,72.6110453601488
practice,72.6110453601488
public opinion,72.6110453601488
statistically,72.6110453601488
academy ,72.6110453601488
general ,72.6110453601488
jean-baptiste,72.6110453601488
leadership,72.6110453601488
mihaly,72.6110453601488
stevenson,72.6110453601488
start-up ,72.6110453601488
essai sur,72.6110453601488
software entrepreneurship,72.6110453601488
page ,72.6110453601488
pioneer ,72.6110453601488
stevenson ,72.6110453601488
leadership ,72.6110453601488
page,72.6110453601488
project-entrepreneur ,72.6110453601488
business venturing,72.6110453601488
pioneer,72.6110453601488
nexus,66.65261220331253
innate ability,66.65261220331253
economist,66.65261220331253
year,66.65261220331253
year ,66.65261220331253
word ,66.65261220331253
creation,66.65261220331253
large ,66.65261220331253
news,66.65261220331253
word,66.65261220331253
founder,66.65261220331253
failure ,66.65261220331253
large,66.65261220331253
failure,66.65261220331253
creation ,66.65261220331253
economist ,66.65261220331253
news ,66.65261220331253
credit ,66.65261220331253
credit,66.65261220331253
nexus ,66.65261220331253
founder ,66.65261220331253
innate ability ,66.65261220331253
isbn,65.50295230859126
isbn ,65.50295230859126
innovation ,65.11042807235393
innovation,65.11042807235393
market ,61.049078065177014
type ,61.049078065177014
type,61.049078065177014
market,61.049078065177014
press,60.3072415391287
press ,60.3072415391287
opportunity ,59.4374691922336
opportunity,59.4374691922336
gruber,58.75198641210873
role,58.75198641210873
quality,58.75198641210873
social composition ,58.75198641210873
thing ,58.75198641210873
breakthrough innovation ,58.75198641210873
successful entrepreneur ,58.75198641210873
darwinians communitarian ,58.75198641210873
kilby,58.75198641210873
banks and investor,58.75198641210873
risk taker ,58.75198641210873
roth,58.75198641210873
equilibrium,58.75198641210873
peer ,58.75198641210873
construction,58.75198641210873
changing environment ,58.75198641210873
software business ,58.75198641210873
united kingdom ,58.75198641210873
freel,58.75198641210873
efficiency ,58.75198641210873
project-based enterprise ,58.75198641210873
clarification,58.75198641210873
kilby ,58.75198641210873
incremental improvement ,58.75198641210873
entrepreneurial performance ,58.75198641210873
initiative ,58.75198641210873
production,58.75198641210873
popular ,58.75198641210873
roth ,58.75198641210873
service business,58.75198641210873
clustering ,58.75198641210873
service business ,58.75198641210873
routledge,58.75198641210873
william stanley jevons ,58.75198641210873
meister certificate,58.75198641210873
international journal ,58.75198641210873
macmillan,58.75198641210873
style editing ,58.75198641210873
additional reference ,58.75198641210873
freel ,58.75198641210873
role ,58.75198641210873
talk page,58.75198641210873
equilibrium ,58.75198641210873
concise encyclopedia ,58.75198641210873
landstrom ,58.75198641210873
combination,58.75198641210873
range,58.75198641210873
muljadi,58.75198641210873
task ,58.75198641210873
male,58.75198641210873
clarification ,58.75198641210873
issue,58.75198641210873
environment ,58.75198641210873
fauchart ,58.75198641210873
equity financing,58.75198641210873
parent,58.75198641210873
venkataraman,58.75198641210873
small firm ,58.75198641210873
person ,58.75198641210873
economic development ,58.75198641210873
combination ,58.75198641210873
venture capitalist,58.75198641210873
coining,58.75198641210873
william stanley jevons,58.75198641210873
agent,58.75198641210873
sobel ,58.75198641210873
thing,58.75198641210873
non-entrepreneur ,58.75198641210873
risk taker,58.75198641210873
democracy,58.75198641210873
issue ,58.75198641210873
creative destruction ,58.75198641210873
study,58.75198641210873
democracy ,58.75198641210873
changing environment,58.75198641210873
products and service,58.75198641210873
return ,58.75198641210873
communitarian,58.75198641210873
products and service ,58.75198641210873
breakthrough innovation,58.75198641210873
unsourced statement,58.75198641210873
software business,58.75198641210873
debt and equity financing ,58.75198641210873
promise,58.75198641210873
unsourced statement ,58.75198641210873
wikipedia article ,58.75198641210873
sobel,58.75198641210873
darwinian ,58.75198641210873
small proof ,58.75198641210873
genetics,58.75198641210873
citation ,58.75198641210873
cusumano,58.75198641210873
environment,58.75198641210873
popular,58.75198641210873
vol,58.75198641210873
landstrom,58.75198641210873
education level ,58.75198641210873
non-entrepreneur,58.75198641210873
distinctive ,58.75198641210873
white ball,58.75198641210873
darwinian,58.75198641210873
ten ,58.75198641210873
entrepreneurship management ,58.75198641210873
american journal ,58.75198641210873
amount ,58.75198641210873
small firm,58.75198641210873
meister certificate ,58.75198641210873
banks and investor ,58.75198641210873
american journal,58.75198641210873
routledge ,58.75198641210873
economic development,58.75198641210873
darwinians communitarian,58.75198641210873
liberty ,58.75198641210873
style editing,58.75198641210873
vol ,58.75198641210873
productivity,58.75198641210873
efficiency,58.75198641210873
successful entrepreneur,58.75198641210873
venture capitalist ,58.75198641210873
alfred ,58.75198641210873
good ,58.75198641210873
investopedia ,58.75198641210873
range ,58.75198641210873
small business research ,58.75198641210873
task,58.75198641210873
marshall,58.75198641210873
customer,58.75198641210873
genetics ,58.75198641210873
true uncertainty,58.75198641210873
alfred,58.75198641210873
angel investor ,58.75198641210873
fauchart,58.75198641210873
product or service,58.75198641210873
field ,58.75198641210873
united kingdom,58.75198641210873
collection ,58.75198641210873
good,58.75198641210873
true uncertainty ,58.75198641210873
education level,58.75198641210873
cost,58.75198641210873
investopedia,58.75198641210873
pirate,58.75198641210873
concise encyclopedia,58.75198641210873
person,58.75198641210873
la nature du commerce,58.75198641210873
citation,58.75198641210873
coining ,58.75198641210873
return,58.75198641210873
venkataraman ,58.75198641210873
entrepreneurship management,58.75198641210873
contemporary review,58.75198641210873
downside ,58.75198641210873
apprentice ,58.75198641210873
socialism ,58.75198641210873
entrepreneurship theory,58.75198641210873
john wiley son,58.75198641210873
management review,58.75198641210873
agent ,58.75198641210873
entrepreneurship theory ,58.75198641210873
clustering,58.75198641210873
additional reference,58.75198641210873
parent ,58.75198641210873
entrepreneurial performance,58.75198641210873
product or service ,58.75198641210873
section ,58.75198641210873
wikipedia article,58.75198641210873
project-based enterprise,58.75198641210873
cost ,58.75198641210873
communitarian ,58.75198641210873
john wiley son ,58.75198641210873
promise ,58.75198641210873
capitalist,58.75198641210873
socialism,58.75198641210873
theory and practice,58.75198641210873
small proof,58.75198641210873
context ,58.75198641210873
incremental improvement,58.75198641210873
la nature du commerce ,58.75198641210873
muljadi ,58.75198641210873
marshall ,58.75198641210873
production ,58.75198641210873
customer ,58.75198641210873
macmillan ,58.75198641210873
peer,58.75198641210873
cusumano ,58.75198641210873
capitalist ,58.75198641210873
section,58.75198641210873
talk page ,58.75198641210873
study ,58.75198641210873
nature,58.75198641210873
social composition,58.75198641210873
contemporary review ,58.75198641210873
white ball ,58.75198641210873
collection,58.75198641210873
downside,58.75198641210873
initiative,58.75198641210873
field,58.75198641210873
pirate ,58.75198641210873
quality ,58.75198641210873
amount,58.75198641210873
creative destruction,58.75198641210873
international journal,58.75198641210873
management review ,58.75198641210873
construction ,58.75198641210873
nature ,58.75198641210873
liberty,58.75198641210873
theory and practice ,58.75198641210873
debt and equity financing,58.75198641210873
angel investor,58.75198641210873
distinctive,58.75198641210873
small business research,58.75198641210873
male ,58.75198641210873
productivity ,58.75198641210873
apprentice,58.75198641210873
gruber ,58.75198641210873
ten,58.75198641210873
equity financing ,58.75198641210873
context,58.75198641210873
ability ,58.414807400837816
opinion ,58.414807400837816
start,58.414807400837816
start ,58.414807400837816
fund,58.414807400837816
opinion,58.414807400837816
fund ,58.414807400837816
ability,58.414807400837816
bank ,55.779034253713895
bank,55.779034253713895
development,55.779034253713895
development ,55.779034253713895
york,54.07743908233261
business model,54.07743908233261
business model ,54.07743908233261
york ,54.07743908233261
people ,52.03915342485732
case,52.03915342485732
source ,52.03915342485732
source,52.03915342485732
case ,52.03915342485732
people,52.03915342485732
money ,50.617353804233396
money,50.617353804233396
frank knight,47.73378678076461
york city ,47.73378678076461
searching,47.73378678076461
individual opportunity ,47.73378678076461
team-building ,47.73378678076461
disruptive innovation ,47.73378678076461
management ability,47.73378678076461
dana ,47.73378678076461
hollywood,47.73378678076461
searching ,47.73378678076461
startup company ,47.73378678076461
historical barrier,47.73378678076461
term entrepreneur,47.73378678076461
period ,47.73378678076461
predictor,47.73378678076461
innovating,47.73378678076461
historical barrier ,47.73378678076461
ludwig von mis,47.73378678076461
predictor ,47.73378678076461
team-building,47.73378678076461
disruptive innovation,47.73378678076461
startup company,47.73378678076461
period,47.73378678076461
frank knight ,47.73378678076461
management ability ,47.73378678076461
york city,47.73378678076461
ludwig von mis ,47.73378678076461
innovating ,47.73378678076461
hollywood ,47.73378678076461
term entrepreneur ,47.73378678076461
dana,47.73378678076461
individual opportunity,47.73378678076461
michael ,46.5802589847332
in-text citation,46.5802589847332
in-text citation ,46.5802589847332
list ,46.5802589847332
interest ,46.5802589847332
interest,46.5802589847332
government,46.5802589847332
michael,46.5802589847332
list,46.5802589847332
government ,46.5802589847332
business,45.51854499275935
business ,45.51854499275935
article,45.50914951341503
article ,45.50914951341503
product ,45.26680660567387
product,45.26680660567387
service ,44.29489424324253
service,44.29489424324253
entrepreneurial success ,42.87979770088119
entrepreneurial success,42.87979770088119
company,42.11912266947776
company ,42.11912266947776
profit,41.575816756583684
profit ,41.575816756583684
wikipedia,39.329985135192985
wikipedia ,39.329985135192985
united state,38.2370743239685
link,38.2370743239685
state,38.2370743239685
united state ,38.2370743239685
difference ,38.2370743239685
motivation,38.2370743239685
book,38.2370743239685
motivation ,38.2370743239685
link ,38.2370743239685
state ,38.2370743239685
difference,38.2370743239685
book ,38.2370743239685
aphrochic interior decorating expert share ,34.37397103618028
erin huffstetler frugal,34.37397103618028
beginners small business,34.37397103618028
super colorful home ,34.37397103618028
redbox,34.37397103618028
facebooktwitterpinterestgoogle tumblr,34.37397103618028
aphrochic interior decorating expert share,34.37397103618028
fiona haynes low fat cooking expert ,34.37397103618028
allena tapia freelance,34.37397103618028
ny washington,34.37397103618028
facebooktwitterpinterestgoogle tumblr wait,34.37397103618028
facebooktwitterpinterestgoogle tumblr search follow,34.37397103618028
beginners small business ,34.37397103618028
reading,34.37397103618028
kendra cherry psychology expert share ,34.37397103618028
visit,34.37397103618028
beverly jenkins web humor expert healthy,34.37397103618028
allena tapia freelance ,34.37397103618028
visit ,34.37397103618028
stuff ,34.37397103618028
trending,34.37397103618028
akila mcconnell food travel expert,34.37397103618028
site map ,34.37397103618028
calorie count ethics privacy policy user agreement reprint,34.37397103618028
stuff,34.37397103618028
flu shot,34.37397103618028
easy tomato basil soup ,34.37397103618028
cookie policy patent info write,34.37397103618028
bad day ,34.37397103618028
kendra cherry psychology expert share,34.37397103618028
phil lempert food reference expert share,34.37397103618028
ny washington ,34.37397103618028
site map,34.37397103618028
flu shot ,34.37397103618028
reading ,34.37397103618028
kristina duda ,34.37397103618028
fiona haynes low fat cooking expert,34.37397103618028
dana anspach money,34.37397103618028
visibility,34.37397103618028
canada tax planning,34.37397103618028
dc money banking loans car insurance,34.37397103618028
search food health home money tech travel follow,34.37397103618028
dc money banking loans car insurance ,34.37397103618028
visibility ,34.37397103618028
stacy fisher freebies expert share ,34.37397103618028
easy tomato basil soup,34.37397103618028
cookie policy patent info write ,34.37397103618028
birthday ,34.37397103618028
dana anspach money ,34.37397103618028
trending ,34.37397103618028
beverly jenkins web humor expert healthy ,34.37397103618028
akila mcconnell food travel expert ,34.37397103618028
cold day,34.37397103618028
r n cold flu expert share ,34.37397103618028
facebooktwitterpinterestgoogle tumblr ,34.37397103618028
facebooktwitterpinterestgoogle tumblr search follow ,34.37397103618028
erin huffstetler frugal ,34.37397103618028
redbox ,34.37397103618028
facebooktwitterpinterestgoogle tumblr wait ,34.37397103618028
calorie count ethics privacy policy user agreement reprint ,34.37397103618028
search food health home money tech travel follow ,34.37397103618028
stacy fisher freebies expert share,34.37397103618028
kristina duda,34.37397103618028
cold day ,34.37397103618028
iframe ,34.37397103618028
canada tax planning ,34.37397103618028
bad day,34.37397103618028
iframe,34.37397103618028
birthday,34.37397103618028
super colorful home,34.37397103618028
phil lempert food reference expert share ,34.37397103618028
r n cold flu expert share,34.37397103618028
advantage,32.27864116713225
advantage ,32.27864116713225
social entrepreneurship ,32.27864116713225
process,32.27864116713225
example,32.27864116713225
form ,32.27864116713225
process ,32.27864116713225
social entrepreneurship,32.27864116713225
example ,32.27864116713225
form,32.27864116713225
plastic,30.95814612315685
recorded pronunciation ,30.95814612315685
resource position,30.95814612315685
self-view,30.95814612315685
pdf ,30.95814612315685
public equity pipe pledge fund investors corporation ,30.95814612315685
status quo,30.95814612315685
dictionnaire universel de commerce ,30.95814612315685
auburn university ,30.95814612315685
regard,30.95814612315685
stuart ,30.95814612315685
certified entrepreneur workbook ,30.95814612315685
personal reflection or opinion essay ,30.95814612315685
david mcclelland a person,30.95814612315685
concepts theory ,30.95814612315685
anders,30.95814612315685
london ,30.95814612315685
intense concentration,30.95814612315685
entrepreneurship deakin ,30.95814612315685
commerce,30.95814612315685
economic recession,30.95814612315685
co-operatives supplement entrepreneurship ,30.95814612315685
innovate relate ,30.95814612315685
unsourced material ,30.95814612315685
french economist jean-baptiste ,30.95814612315685
recent consensus,30.95814612315685
venture capital basic investment type ,30.95814612315685
primary or secondary school ,30.95814612315685
government aid edit,30.95814612315685
employees break,30.95814612315685
consultant,30.95814612315685
non-repayable grant,30.95814612315685
roig,30.95814612315685
drinking straw,30.95814612315685
developer,30.95814612315685
twentyfold,30.95814612315685
primary ,30.95814612315685
library,30.95814612315685
leit o,30.95814612315685
government aid ,30.95814612315685
development plan,30.95814612315685
forbes,30.95814612315685
land labour,30.95814612315685
paradigm,30.95814612315685
products and new business model ,30.95814612315685
good work,30.95814612315685
knowledge skills and motivation,30.95814612315685
content business ,30.95814612315685
newer research,30.95814612315685
optimum allocation,30.95814612315685
significant influence ,30.95814612315685
possibility ,30.95814612315685
jay,30.95814612315685
absorbent mind,30.95814612315685
single product ,30.95814612315685
opinion essay,30.95814612315685
decreased cost,30.95814612315685
female entrepreneur,30.95814612315685
general theory,30.95814612315685
growing market ,30.95814612315685
moren,30.95814612315685
regular basis ,30.95814612315685
profitability ,30.95814612315685
contemporary review company,30.95814612315685
expert ,30.95814612315685
europe ,30.95814612315685
population,30.95814612315685
people management ,30.95814612315685
products and new services citation,30.95814612315685
jay ,30.95814612315685
business education ,30.95814612315685
mcgraw hill professional ,30.95814612315685
space shuttle,30.95814612315685
ethnicity ,30.95814612315685
financial return ,30.95814612315685
paul ed ,30.95814612315685
angel investing,30.95814612315685
knowledge skills and motivation ,30.95814612315685
lower,30.95814612315685
venture capital help,30.95814612315685
project venture ,30.95814612315685
so-called freedom ,30.95814612315685
prive ,30.95814612315685
vital ingredient,30.95814612315685
x-efficiency ,30.95814612315685
suggestion ,30.95814612315685
parent company,30.95814612315685
risk-taking citation,30.95814612315685
tarascio,30.95814612315685
charitable organization,30.95814612315685
uncertain income,30.95814612315685
silence small business administration business administration innovation references edit,30.95814612315685
funding edit bank financing edit ,30.95814612315685
people management,30.95814612315685
large part ,30.95814612315685
verification,30.95814612315685
personal reflection,30.95814612315685
entrepreneurship scan ,30.95814612315685
additional citation,30.95814612315685
alfred marshall ,30.95814612315685
venture capital help ,30.95814612315685
europe,30.95814612315685
sole proprietorship status wealth dominant race ,30.95814612315685
assistance,30.95814612315685
enterprising individual,30.95814612315685
decision,30.95814612315685
software product,30.95814612315685
defining,30.95814612315685
rent ,30.95814612315685
nanda ,30.95814612315685
cluster ,30.95814612315685
customer service,30.95814612315685
public perception edit individual,30.95814612315685
psychologist,30.95814612315685
germany ,30.95814612315685
individual-opportunity nexus ,30.95814612315685
socialism syndicalism retrieved,30.95814612315685
natural experiment,30.95814612315685
importance ,30.95814612315685
drinking straw ,30.95814612315685
peers influence decision ,30.95814612315685
thenature,30.95814612315685
so-called freedom,30.95814612315685
independence number and diversity,30.95814612315685
successful innovation ,30.95814612315685
joseph schumpeter edit,30.95814612315685
idea or invention,30.95814612315685
recent research venture ,30.95814612315685
entrepreneurs business opportunity corporate social entrepreneurship,30.95814612315685
individual forget,30.95814612315685
nicolaou,30.95814612315685
team composition,30.95814612315685
swedberg ,30.95814612315685
gro er bef higungsnachweis kuhlenbeck,30.95814612315685
shane and venkataraman ,30.95814612315685
edit lawrence ,30.95814612315685
medieval guild,30.95814612315685
security,30.95814612315685
germany craftsmanship,30.95814612315685
theory development ,30.95814612315685
products and services business ,30.95814612315685
entrepreneur edit entrepreneur i ntr pr n r ,30.95814612315685
guanzi institute press,30.95814612315685
bowman,30.95814612315685
entrepreneurship scan,30.95814612315685
projects and profit,30.95814612315685
high sea,30.95814612315685
problem,30.95814612315685
hisrich,30.95814612315685
dell computer,30.95814612315685
motivation and quality,30.95814612315685
unknown number,30.95814612315685
horn ,30.95814612315685
time ,30.95814612315685
horseless carriage ,30.95814612315685
small percentage,30.95814612315685
strong negotiating skill,30.95814612315685
advance,30.95814612315685
orphan ,30.95814612315685
treatment,30.95814612315685
growth and profit,30.95814612315685
related article,30.95814612315685
child s capacity ,30.95814612315685
workplace peer,30.95814612315685
innovation and entrepreneurship ,30.95814612315685
peers influence decision,30.95814612315685
individual client ,30.95814612315685
indianapolis ,30.95814612315685
software television construction,30.95814612315685
german reich ,30.95814612315685
disrupting class ,30.95814612315685
typology ,30.95814612315685
facebook ,30.95814612315685
entrepreneurial capability,30.95814612315685
arctic quebec,30.95814612315685
business process,30.95814612315685
different set ,30.95814612315685
bad employee ,30.95814612315685
wage ,30.95814612315685
minniti m ,30.95814612315685
singular objective ,30.95814612315685
private equity private equity ,30.95814612315685
business or business ,30.95814612315685
entrepreneurialism ,30.95814612315685
biographer anthony breer,30.95814612315685
investment tax credit,30.95814612315685
non-repayable grant ,30.95814612315685
e aspect ,30.95814612315685
critical challenge ,30.95814612315685
psychologist ,30.95814612315685
specifically marked weasel-worded phrases article ,30.95814612315685
software economics,30.95814612315685
world,30.95814612315685
minniti m,30.95814612315685
estimated net worth ,30.95814612315685
experience ,30.95814612315685
james w halloran ,30.95814612315685
entrepreneurship and piracy ,30.95814612315685
software product business ,30.95814612315685
non-profit organizations or government,30.95814612315685
colarelli o connor,30.95814612315685
creating product ,30.95814612315685
germany,30.95814612315685
financial operation,30.95814612315685
twentyfold ,30.95814612315685
stock market investor ,30.95814612315685
british entrepreneur karren brady ,30.95814612315685
customer citizen client ,30.95814612315685
date and year wikipedia article ,30.95814612315685
developers and consultant,30.95814612315685
defining ,30.95814612315685
england ,30.95814612315685
political economy term,30.95814612315685
temporary organization,30.95814612315685
x-efficiency,30.95814612315685
private equity and venture capital early history,30.95814612315685
corporate work,30.95814612315685
sole proprietorship status wealth dominant race,30.95814612315685
good and bad employee ,30.95814612315685
developed software product,30.95814612315685
inspiration ,30.95814612315685
glossary ,30.95814612315685
innovation management ,30.95814612315685
business research ,30.95814612315685
strength,30.95814612315685
strengths and weakness,30.95814612315685
b cantillon,30.95814612315685
ft press ,30.95814612315685
collaborative team,30.95814612315685
small business adventure,30.95814612315685
originate,30.95814612315685
united kingdom governmental push,30.95814612315685
related market ,30.95814612315685
definition ,30.95814612315685
evidence ,30.95814612315685
strengths and weakness ,30.95814612315685
entrepreneurial strategy,30.95814612315685
american economic association,30.95814612315685
edit business entrepreneur entrepreneurship list ,30.95814612315685
widespread include ,30.95814612315685
modern auto industry,30.95814612315685
map ,30.95814612315685
innovation management,30.95814612315685
student ,30.95814612315685
medieval guild ,30.95814612315685
dramatic new technology,30.95814612315685
extension or complement ,30.95814612315685
small business success ,30.95814612315685
line,30.95814612315685
page number citation ,30.95814612315685
software economics ,30.95814612315685
non-profit organization,30.95814612315685
goal ,30.95814612315685
financing edit bootstrapping edit entrepreneur ,30.95814612315685
car ,30.95814612315685
winborg and landstrom,30.95814612315685
paul ed,30.95814612315685
uncertain venture,30.95814612315685
single product or service competition,30.95814612315685
personal loan guarantee ,30.95814612315685
american economic association ,30.95814612315685
conveys idea ,30.95814612315685
entrepreneurial activity,30.95814612315685
venture capital edit venture capital ,30.95814612315685
option ,30.95814612315685
matter ,30.95814612315685
financial operation ,30.95814612315685
rough economic time,30.95814612315685
laudatory portrait ,30.95814612315685
entrepreneur edit entrepreneur i ntr pr n r,30.95814612315685
find link tool,30.95814612315685
co-operatives supplement entrepreneurship,30.95814612315685
innovative entrepreneur,30.95814612315685
crowd funding,30.95814612315685
policy makers live,30.95814612315685
entrepreneurial management,30.95814612315685
individual forget ,30.95814612315685
invisible man,30.95814612315685
charitable organization ,30.95814612315685
israel kirzner,30.95814612315685
higher productivity citation ,30.95814612315685
piracy edit ,30.95814612315685
penguin book ,30.95814612315685
multi-tasking capitalist ,30.95814612315685
interpretation ,30.95814612315685
management education,30.95814612315685
guy ,30.95814612315685
consensus definition,30.95814612315685
individual entrepreneurs graduate degrees management experience work experience,30.95814612315685
social science view,30.95814612315685
ideas and business process ,30.95814612315685
first thing software entrepreneur ,30.95814612315685
addition ,30.95814612315685
political economist robert reich,30.95814612315685
paper,30.95814612315685
search process,30.95814612315685
vintage year private equity ,30.95814612315685
parent company ,30.95814612315685
financial oversight,30.95814612315685
ebbena ,30.95814612315685
first challenge ,30.95814612315685
social science view ,30.95814612315685
swedberg,30.95814612315685
economy ,30.95814612315685
martyn p,30.95814612315685
uncertain income ,30.95814612315685
addition,30.95814612315685
investment tax credit ,30.95814612315685
business research,30.95814612315685
author gifford pinchot,30.95814612315685
lower ,30.95814612315685
risk-taker,30.95814612315685
entrepreneurship theory practice,30.95814612315685
group,30.95814612315685
yale university press,30.95814612315685
vendor ,30.95814612315685
rough economic time ,30.95814612315685
secondary school ,30.95814612315685
start-up company ,30.95814612315685
extensive customization,30.95814612315685
political economy term ,30.95814612315685
temporary venture,30.95814612315685
taking risk,30.95814612315685
specific tool,30.95814612315685
cases business contact,30.95814612315685
singular objective,30.95814612315685
available including ,30.95814612315685
make a great leader,30.95814612315685
products service ,30.95814612315685
theoretical standpoint ,30.95814612315685
harpercollin ,30.95814612315685
founder identify,30.95814612315685
maria montessori ,30.95814612315685
founder identify ,30.95814612315685
fact ,30.95814612315685
software industry ,30.95814612315685
long-term customer contract,30.95814612315685
extroversion,30.95814612315685
lundstrom ,30.95814612315685
strong internal motivation ,30.95814612315685
entrepreneurship and piracy edit ,30.95814612315685
positive direction,30.95814612315685
domingo,30.95814612315685
thirteenth-century french verb ,30.95814612315685
main type ,30.95814612315685
long-term customer contract ,30.95814612315685
wage,30.95814612315685
venture capital basic investment type,30.95814612315685
pattern ,30.95814612315685
david mcclelland a person ,30.95814612315685
normalization ,30.95814612315685
resource citation,30.95814612315685
solution ,30.95814612315685
bod ,30.95814612315685
relevant discussion,30.95814612315685
proclivity ,30.95814612315685
multi-tasking capitalist,30.95814612315685
venture capital edit venture capital,30.95814612315685
main type,30.95814612315685
converse effect ,30.95814612315685
norderstedt ,30.95814612315685
kevin ,30.95814612315685
money startup company venture capital financing venture debt venture ,30.95814612315685
claim ,30.95814612315685
invariably,30.95814612315685
edition,30.95814612315685
customer service ,30.95814612315685
laudatory portrait,30.95814612315685
illusion ,30.95814612315685
higher productivity citation,30.95814612315685
repeated assembly ,30.95814612315685
extensive range,30.95814612315685
david r henderson,30.95814612315685
access date,30.95814612315685
economics brewer,30.95814612315685
management skill ,30.95814612315685
equity stake,30.95814612315685
protecting ,30.95814612315685
entrepreneurship and small firm ,30.95814612315685
sale,30.95814612315685
quasi-statistical sense,30.95814612315685
career and financial security,30.95814612315685
early stage,30.95814612315685
entrepreneurialism,30.95814612315685
invention,30.95814612315685
entrepreneurship deakin,30.95814612315685
risk capital ,30.95814612315685
prive,30.95814612315685
rostam-afschar ,30.95814612315685
united kingdom governmental push ,30.95814612315685
internal locus ,30.95814612315685
early stage ,30.95814612315685
england,30.95814612315685
government aid edit ,30.95814612315685
entrepreneurial launch,30.95814612315685
products or services or market ,30.95814612315685
interrelationship ,30.95814612315685
experience,30.95814612315685
edit zahra ,30.95814612315685
no spot ,30.95814612315685
trade gewerbefreiheit ,30.95814612315685
christensen,30.95814612315685
part inferior offering,30.95814612315685
peter kilby imitative entrepreneur ,30.95814612315685
innovation and customer service,30.95814612315685
conveys idea,30.95814612315685
dimension,30.95814612315685
entrepreneurship and economic development,30.95814612315685
consensus definition ,30.95814612315685
economic resource,30.95814612315685
public perception edit individual ,30.95814612315685
price system ,30.95814612315685
high sea ,30.95814612315685
recorded pronunciation,30.95814612315685
production possibility curve ,30.95814612315685
personal credit-card debt ,30.95814612315685
t i attitude ,30.95814612315685
direct observation,30.95814612315685
current wagon,30.95814612315685
entrepreneurship theory practice ,30.95814612315685
cradle,30.95814612315685
ribeiro ,30.95814612315685
narayanan,30.95814612315685
creating,30.95814612315685
individual-opportunity nexus,30.95814612315685
personal credit-card debt,30.95814612315685
erik,30.95814612315685
entrepreneurs business opportunity corporate social entrepreneurship ,30.95814612315685
personal reflection ,30.95814612315685
shane s and venkataraman,30.95814612315685
social entrepreneur ,30.95814612315685
business cycle ,30.95814612315685
v t e private equity ,30.95814612315685
harrison and mason,30.95814612315685
extensive range ,30.95814612315685
stanford graduate school ,30.95814612315685
entrepreneurial organization ,30.95814612315685
reader ,30.95814612315685
venture capital firm ,30.95814612315685
developers and consultant ,30.95814612315685
references edit ,30.95814612315685
endogenous growth theory clarification ,30.95814612315685
proper planning ,30.95814612315685
business start-up,30.95814612315685
making decision,30.95814612315685
auburn university,30.95814612315685
arctic quebec ,30.95814612315685
guarantee ,30.95814612315685
risk capital,30.95814612315685
no other article ,30.95814612315685
horseless carriage,30.95814612315685
lechter,30.95814612315685
germany craftsmanship ,30.95814612315685
replacement,30.95814612315685
personal reflection or opinion essay,30.95814612315685
production possibility curve,30.95814612315685
richard cantillon non-fixed income earner ,30.95814612315685
leit o ,30.95814612315685
winston ,30.95814612315685
german reich,30.95814612315685
first ,30.95814612315685
nonmoral approach ,30.95814612315685
fostering entrepreneurship ,30.95814612315685
venture mezzanine growth secondaries equity co-investment history history ,30.95814612315685
facebook,30.95814612315685
capturing,30.95814612315685
correlation,30.95814612315685
independence number,30.95814612315685
comparison,30.95814612315685
scheufele moy ,30.95814612315685
edit economics portal book ,30.95814612315685
financial return,30.95814612315685
project performance,30.95814612315685
infinitely broad range,30.95814612315685
erik ,30.95814612315685
entrepreneurial profit ,30.95814612315685
software project ,30.95814612315685
result ,30.95814612315685
higher level using innovation,30.95814612315685
traditional manufacturing ,30.95814612315685
curtis w,30.95814612315685
protecting,30.95814612315685
strength ,30.95814612315685
projects and profit ,30.95814612315685
generator,30.95814612315685
tailor,30.95814612315685
opinion essay ,30.95814612315685
t i attitude,30.95814612315685
mcgraw-hill education,30.95814612315685
different way,30.95814612315685
globe and mail special,30.95814612315685
application,30.95814612315685
nanda,30.95814612315685
mason,30.95814612315685
entrepreneurial success edit factor ,30.95814612315685
rathunde ,30.95814612315685
nonmoral approach,30.95814612315685
reliable source ,30.95814612315685
fauchart and gruber,30.95814612315685
population ,30.95814612315685
world learn ,30.95814612315685
product sale,30.95814612315685
peter kilby imitative entrepreneur,30.95814612315685
inspiration,30.95814612315685
lengthy procedure ,30.95814612315685
nicolaou ,30.95814612315685
objectives edit entrepreneurship education,30.95814612315685
relational antecedent ,30.95814612315685
winborg,30.95814612315685
non-profit organizations or government ,30.95814612315685
fundamental way ,30.95814612315685
ribeiro,30.95814612315685
maria montessori,30.95814612315685
private equity private equity,30.95814612315685
intense concentration ,30.95814612315685
efficiency and productivity ,30.95814612315685
harrison,30.95814612315685
london,30.95814612315685
short-term project,30.95814612315685
greater proof ,30.95814612315685
self-employment ,30.95814612315685
entreprendre,30.95814612315685
economic resource ,30.95814612315685
direct observation ,30.95814612315685
traditional manufacturing,30.95814612315685
quality and type ,30.95814612315685
good and bad employee,30.95814612315685
clayton,30.95814612315685
economics brewer ,30.95814612315685
absence,30.95814612315685
digital soft,30.95814612315685
art ,30.95814612315685
stockholm university,30.95814612315685
majority ,30.95814612315685
edward elgar publishing,30.95814612315685
fact,30.95814612315685
skill set edit,30.95814612315685
martyn p ,30.95814612315685
funding edit bank financing edit,30.95814612315685
mixture,30.95814612315685
niche ,30.95814612315685
coding,30.95814612315685
entrepreneurial type ,30.95814612315685
product strategy ,30.95814612315685
harrison and mason ,30.95814612315685
venture mezzanine growth secondaries equity co-investment history history,30.95814612315685
author gifford pinchot ,30.95814612315685
public equity pipe pledge fund investors corporation,30.95814612315685
resource position ,30.95814612315685
innovator ,30.95814612315685
converse effect,30.95814612315685
gender,30.95814612315685
albert shapero ,30.95814612315685
mail special,30.95814612315685
steam engine,30.95814612315685
concepts theory,30.95814612315685
jacques des bruslon,30.95814612315685
high profit ,30.95814612315685
enterprising individual ,30.95814612315685
ongoing design change,30.95814612315685
economic recession ,30.95814612315685
traditional school environment,30.95814612315685
previously unpublished synthesis ,30.95814612315685
gale ,30.95814612315685
sale ,30.95814612315685
howard h stevenson the pursuit,30.95814612315685
critical challenge,30.95814612315685
result,30.95814612315685
software project,30.95814612315685
economic theory ,30.95814612315685
complement ,30.95814612315685
entrepreneurial profit,30.95814612315685
male and female entrepreneur,30.95814612315685
singular objective or goal ,30.95814612315685
graduate university program ,30.95814612315685
realization ,30.95814612315685
en wikipedia org w index php,30.95814612315685
coining and defining,30.95814612315685
control citation,30.95814612315685
digital soft ,30.95814612315685
risk-taker ,30.95814612315685
economic activity creator ,30.95814612315685
variety,30.95814612315685
entrepreneurship and economic development ,30.95814612315685
claim,30.95814612315685
accountability ,30.95814612315685
user pain,30.95814612315685
setting ,30.95814612315685
primary or secondary school,30.95814612315685
baptista,30.95814612315685
shaker ,30.95814612315685
tasks and meeting milestone ,30.95814612315685
navale ,30.95814612315685
responsiveness ,30.95814612315685
mark van osnabrugge,30.95814612315685
developer ,30.95814612315685
stock market investor,30.95814612315685
driving factor ,30.95814612315685
joseph schumpeter edit ,30.95814612315685
dramatic new technology ,30.95814612315685
washington ,30.95814612315685
researcher,30.95814612315685
project entrepreneu ,30.95814612315685
industry growing industry high technology impact ,30.95814612315685
software start-up experience ,30.95814612315685
google,30.95814612315685
additional citation ,30.95814612315685
competitive edge,30.95814612315685
software product ,30.95814612315685
input ,30.95814612315685
socially stratified culture,30.95814612315685
joseph schumpeter innovator ,30.95814612315685
group ,30.95814612315685
long period,30.95814612315685
jean-baptiste say an economic agent ,30.95814612315685
space shuttle ,30.95814612315685
lvaro ,30.95814612315685
rent,30.95814612315685
meeting milestone ,30.95814612315685
business process ,30.95814612315685
moderate risk taker citation ,30.95814612315685
single product,30.95814612315685
products and services business,30.95814612315685
rathunde,30.95814612315685
quality and type,30.95814612315685
natural experiment ,30.95814612315685
driessen ,30.95814612315685
edit lawrence,30.95814612315685
published material,30.95814612315685
nationality ,30.95814612315685
comparison ,30.95814612315685
edit zahra,30.95814612315685
mentoring ,30.95814612315685
rostam-afschar,30.95814612315685
emergent career,30.95814612315685
fluctuation ,30.95814612315685
previously unpublished synthesis,30.95814612315685
lundstrom,30.95814612315685
s particular feeling,30.95814612315685
world ,30.95814612315685
cuervo ,30.95814612315685
vital ingredient ,30.95814612315685
curtis w ,30.95814612315685
lengthy period,30.95814612315685
knightian uncertainty ,30.95814612315685
paradigm ,30.95814612315685
collaborative team ,30.95814612315685
trade gewerbefreiheit,30.95814612315685
enormous impact ,30.95814612315685
globe ,30.95814612315685
responsiveness,30.95814612315685
google ,30.95814612315685
mean,30.95814612315685
matter,30.95814612315685
different set,30.95814612315685
treatise ,30.95814612315685
date ,30.95814612315685
male and female entrepreneur ,30.95814612315685
generator ,30.95814612315685
entrepreneur training manual ,30.95814612315685
generation entrepreneur,30.95814612315685
team composition ,30.95814612315685
entry,30.95814612315685
management skill,30.95814612315685
red ocean,30.95814612315685
enough client,30.95814612315685
daily event ,30.95814612315685
bad employee,30.95814612315685
recent year ,30.95814612315685
guanzi institute press ,30.95814612315685
portrayal ,30.95814612315685
mean ,30.95814612315685
coining and defining ,30.95814612315685
horn,30.95814612315685
motive ,30.95814612315685
dearlove ,30.95814612315685
willingness ,30.95814612315685
time,30.95814612315685
faulkner,30.95814612315685
schooling,30.95814612315685
products and new business model,30.95814612315685
economic adversity ,30.95814612315685
globe and mail special ,30.95814612315685
related market,30.95814612315685
high profit,30.95814612315685
dictionnaire universel de commerce,30.95814612315685
blind assumption ,30.95814612315685
encyclopedic style ,30.95814612315685
software sale ,30.95814612315685
mason ,30.95814612315685
treatment ,30.95814612315685
trait ,30.95814612315685
creating product,30.95814612315685
growth and profit ,30.95814612315685
alternate description ,30.95814612315685
salvador,30.95814612315685
beholder,30.95814612315685
money startup company venture capital financing venture debt venture,30.95814612315685
jesper s rensen,30.95814612315685
powerful insight,30.95814612315685
empirical analysis,30.95814612315685
ramoglou ,30.95814612315685
ebbena,30.95814612315685
music ,30.95814612315685
general theory ,30.95814612315685
paul muljadi crainer,30.95814612315685
secondary school,30.95814612315685
gartner ,30.95814612315685
social motivation,30.95814612315685
literature ,30.95814612315685
wikibook,30.95814612315685
line ,30.95814612315685
plastic ,30.95814612315685
estimated net worth,30.95814612315685
application ,30.95814612315685
multiple issue,30.95814612315685
services business ,30.95814612315685
original source,30.95814612315685
william baumol,30.95814612315685
traditional economic theory,30.95814612315685
innovative entrepreneur ,30.95814612315685
bod,30.95814612315685
portion ,30.95814612315685
pdf,30.95814612315685
nunavik ,30.95814612315685
proper planning,30.95814612315685
network centrality,30.95814612315685
equity stake ,30.95814612315685
encyclopedic style,30.95814612315685
thirteenth-century french verb,30.95814612315685
business education,30.95814612315685
financial security,30.95814612315685
motive,30.95814612315685
domingo ,30.95814612315685
weakness,30.95814612315685
greater proof,30.95814612315685
entrepreneurship policy ,30.95814612315685
silicon valley ,30.95814612315685
ronald d,30.95814612315685
red color ball,30.95814612315685
structure private equity firm ,30.95814612315685
evidence,30.95814612315685
winston,30.95814612315685
product strategy,30.95814612315685
increased service,30.95814612315685
venture capital firm,30.95814612315685
early sale ,30.95814612315685
music,30.95814612315685
william baumol ,30.95814612315685
economics and liberty ,30.95814612315685
hybrid solution,30.95814612315685
ala huron street press ,30.95814612315685
technology entrepreneurship,30.95814612315685
richard cantillon non-fixed income earner,30.95814612315685
diversity ,30.95814612315685
theoretical standpoint,30.95814612315685
political economist robert reich ,30.95814612315685
productivity difference ,30.95814612315685
mihaly csikszentmihalyi ,30.95814612315685
certified entrepreneur workbook,30.95814612315685
entrepreneurship entrepreneurs retrieved,30.95814612315685
term entrepreneurship ,30.95814612315685
career and financial security ,30.95814612315685
s particular feeling ,30.95814612315685
respond,30.95814612315685
single product or service competition ,30.95814612315685
large sum,30.95814612315685
rinehart,30.95814612315685
customer citizen client,30.95814612315685
term entrepreneurship,30.95814612315685
stakeholder ,30.95814612315685
company written business plan activity ,30.95814612315685
entrepreneurship policy,30.95814612315685
firm creation ,30.95814612315685
early sale,30.95814612315685
german craftsmanship ,30.95814612315685
alternate description,30.95814612315685
services business,30.95814612315685
traditional microeconomic theory,30.95814612315685
holt,30.95814612315685
gene ,30.95814612315685
generation entrepreneur ,30.95814612315685
theory development,30.95814612315685
investment banks merchant banks commercial bank,30.95814612315685
project-entrepreneurship ,30.95814612315685
strong internal motivation,30.95814612315685
male entrepreneur,30.95814612315685
portion,30.95814612315685
european union commission analyses entrepreneurship education,30.95814612315685
diversity,30.95814612315685
financial security ,30.95814612315685
vendor,30.95814612315685
global business ,30.95814612315685
developed software product ,30.95814612315685
unknown number ,30.95814612315685
frequent,30.95814612315685
unsourced material,30.95814612315685
global business,30.95814612315685
typology,30.95814612315685
self-view ,30.95814612315685
variation,30.95814612315685
zwart ,30.95814612315685
originate ,30.95814612315685
jo o,30.95814612315685
cosimo ,30.95814612315685
large sum ,30.95814612315685
primary,30.95814612315685
organization e g,30.95814612315685
weakness ,30.95814612315685
portrayal,30.95814612315685
entrepreneurship and small firm,30.95814612315685
invention ,30.95814612315685
german craftsmanship,30.95814612315685
inquiry into profit ,30.95814612315685
early education ,30.95814612315685
product cost,30.95814612315685
kawasaki ,30.95814612315685
costly myth,30.95814612315685
recent approach,30.95814612315685
skill set edit ,30.95814612315685
daily event,30.95814612315685
forbes ,30.95814612315685
thenature ,30.95814612315685
workplace peer ,30.95814612315685
book william stanley jevons,30.95814612315685
creating ,30.95814612315685
vintage year private equity,30.95814612315685
poor conceptualization ,30.95814612315685
software industry,30.95814612315685
venture capital early history ,30.95814612315685
dimension ,30.95814612315685
efficiency and productivity,30.95814612315685
knowledge skill ,30.95814612315685
jarillo ,30.95814612315685
small percentage ,30.95814612315685
start-up industry,30.95814612315685
moren ,30.95814612315685
residual ,30.95814612315685
european perspective ,30.95814612315685
kind ,30.95814612315685
stuart,30.95814612315685
productivity difference,30.95814612315685
products or services or market,30.95814612315685
social motivation ,30.95814612315685
moderate risk taker citation,30.95814612315685
start-up company,30.95814612315685
status quo ,30.95814612315685
early education,30.95814612315685
joseph schumpeter innovator,30.95814612315685
mail special ,30.95814612315685
red ocean ,30.95814612315685
long period ,30.95814612315685
ambiguity,30.95814612315685
social venturing ,30.95814612315685
strong negotiating skill ,30.95814612315685
successful innovation,30.95814612315685
lengthy period ,30.95814612315685
software sale,30.95814612315685
small business success,30.95814612315685
personal loan guarantee,30.95814612315685
mcgraw-hill education ,30.95814612315685
replacement ,30.95814612315685
recent approach ,30.95814612315685
shane s and venkataraman ,30.95814612315685
empirical analysis ,30.95814612315685
loi,30.95814612315685
edition ,30.95814612315685
vintage year private equity and venture capital investor ,30.95814612315685
guillebaud ,30.95814612315685
blind assumption,30.95814612315685
growing market,30.95814612315685
competence kleiner bef hi-gungsnachwei ,30.95814612315685
ongoing design change ,30.95814612315685
business model generation ,30.95814612315685
risk-taking citation ,30.95814612315685
female entrepreneur ,30.95814612315685
ethical challenge ,30.95814612315685
eye-patch ,30.95814612315685
published material ,30.95814612315685
fostering entrepreneurship,30.95814612315685
jo o ,30.95814612315685
technology entrepreneurship ,30.95814612315685
shane and venkataraman,30.95814612315685
regard ,30.95814612315685
wide variety,30.95814612315685
albert shapero,30.95814612315685
original research,30.95814612315685
ethical challenge,30.95814612315685
glossary,30.95814612315685
russell s sobel,30.95814612315685
harrison ,30.95814612315685
research policy,30.95814612315685
newer research ,30.95814612315685
different business model ,30.95814612315685
first challenge,30.95814612315685
account ,30.95814612315685
resource citation ,30.95814612315685
recent year,30.95814612315685
assistance ,30.95814612315685
entrepreneurship and piracy,30.95814612315685
willingness,30.95814612315685
theoretical framework,30.95814612315685
employees break ,30.95814612315685
stratification ,30.95814612315685
hybrid solution ,30.95814612315685
economy,30.95814612315685
possibility,30.95814612315685
library ,30.95814612315685
implied but unspecified actor,30.95814612315685
fundamental way,30.95814612315685
profitability,30.95814612315685
dell computer ,30.95814612315685
car,30.95814612315685
graduate university program,30.95814612315685
law social ,30.95814612315685
short-term project ,30.95814612315685
world learn,30.95814612315685
specifically marked weasel-worded phrases article,30.95814612315685
setting,30.95814612315685
public sector entrepreneurship ,30.95814612315685
control citation ,30.95814612315685
organization e g ,30.95814612315685
research policy ,30.95814612315685
socialism syndicalism retrieved ,30.95814612315685
schooling ,30.95814612315685
piracy edit,30.95814612315685
price system,30.95814612315685
large part,30.95814612315685
nationality,30.95814612315685
reliable source,30.95814612315685
software start-up experience,30.95814612315685
make a great leader ,30.95814612315685
ramoglou,30.95814612315685
entrepreneurial process,30.95814612315685
poor conceptualization,30.95814612315685
long-term economic growth,30.95814612315685
services citation ,30.95814612315685
good work ,30.95814612315685
corporate entrepreneurship ,30.95814612315685
sociology ,30.95814612315685
security ,30.95814612315685
cases business contact ,30.95814612315685
academic press ,30.95814612315685
content business,30.95814612315685
nunavik,30.95814612315685
variety ,30.95814612315685
entrepreneur training manual,30.95814612315685
access date ,30.95814612315685
product cost ,30.95814612315685
goal,30.95814612315685
biographer anthony breer ,30.95814612315685
project-entrepreneurship,30.95814612315685
transaction publisher,30.95814612315685
land labour and capital,30.95814612315685
contemporary review company ,30.95814612315685
winborg and landstrom ,30.95814612315685
original source ,30.95814612315685
growth ,30.95814612315685
innovate relate,30.95814612315685
business model generation,30.95814612315685
economics and liberty,30.95814612315685
trade ,30.95814612315685
russell s sobel ,30.95814612315685
guy,30.95814612315685
rinehart ,30.95814612315685
gender ,30.95814612315685
tailor ,30.95814612315685
coding ,30.95814612315685
edit business entrepreneur entrepreneurship list,30.95814612315685
innovation and customer service ,30.95814612315685
increased focus ,30.95814612315685
driessen,30.95814612315685
enough client ,30.95814612315685
essential leadership ,30.95814612315685
infinitely broad range ,30.95814612315685
winborg ,30.95814612315685
current wagon ,30.95814612315685
entrepreneurial activity ,30.95814612315685
multiple issue ,30.95814612315685
impossible method,30.95814612315685
socially stratified culture ,30.95814612315685
david r henderson ,30.95814612315685
niche,30.95814612315685
funds endowment,30.95814612315685
silence small business administration business administration innovation references edit ,30.95814612315685
individual entrepreneurs graduate degrees management experience work experience ,30.95814612315685
unemployed prior successful entrepreneurial experience full-time involvement,30.95814612315685
indianapolis,30.95814612315685
majority,30.95814612315685
literature,30.95814612315685
enterprise,30.95814612315685
absence ,30.95814612315685
entrepreneur skill,30.95814612315685
wikibook ,30.95814612315685
theoretical framework ,30.95814612315685
higher level using innovation ,30.95814612315685
regular basis,30.95814612315685
stanford graduate school,30.95814612315685
service competition ,30.95814612315685
costly myth ,30.95814612315685
invariably ,30.95814612315685
small business adventure ,30.95814612315685
penguin book,30.95814612315685
services citation,30.95814612315685
public sector entrepreneurship,30.95814612315685
loanword,30.95814612315685
solution,30.95814612315685
licensed package ,30.95814612315685
complement,30.95814612315685
entrepreneurship and piracy edit,30.95814612315685
regular entrepreneurship ,30.95814612315685
entrepreneurial organization,30.95814612315685
user pain ,30.95814612315685
defillippi r spring,30.95814612315685
date and year wikipedia article,30.95814612315685
funding,30.95814612315685
definition,30.95814612315685
scholar ,30.95814612315685
project entrepreneurship edit,30.95814612315685
edit duening ,30.95814612315685
law social,30.95814612315685
anders ,30.95814612315685
e aspect,30.95814612315685
commerce ,30.95814612315685
male entrepreneur ,30.95814612315685
first,30.95814612315685
essential leadership,30.95814612315685
making decision ,30.95814612315685
equilibrium ideal ,30.95814612315685
partner ecosystem ,30.95814612315685
residual,30.95814612315685
mihaly csikszentmihalyi,30.95814612315685
traditional microeconomic theory ,30.95814612315685
government aid,30.95814612315685
treatise,30.95814612315685
angel investing ,30.95814612315685
anderson,30.95814612315685
kawasaki,30.95814612315685
kevin,30.95814612315685
development plan ,30.95814612315685
stockholm university ,30.95814612315685
map,30.95814612315685
gro er bef higungsnachweis kuhlenbeck ,30.95814612315685
paper ,30.95814612315685
products or service,30.95814612315685
traditional economic theory ,30.95814612315685
venture capital investor,30.95814612315685
land labour ,30.95814612315685
steam engine ,30.95814612315685
products service,30.95814612315685
widespread include,30.95814612315685
land labour and capital ,30.95814612315685
corporate entrepreneurship or intrapreneurship,30.95814612315685
increased focus,30.95814612315685
different business model,30.95814612315685
traditional school environment ,30.95814612315685
joyful and lengthy period ,30.95814612315685
cuervo,30.95814612315685
extroversion ,30.95814612315685
knightian uncertainty,30.95814612315685
future,30.95814612315685
motivation and quality ,30.95814612315685
specific tool ,30.95814612315685
future ,30.95814612315685
financial,30.95814612315685
hand ,30.95814612315685
extension ,30.95814612315685
wide variety ,30.95814612315685
project entrepreneu,30.95814612315685
stratification,30.95814612315685
economic theory,30.95814612315685
start-up industry ,30.95814612315685
suggestion,30.95814612315685
british entrepreneur karren brady,30.95814612315685
lechter ,30.95814612315685
sociology,30.95814612315685
gale,30.95814612315685
meeting milestone,30.95814612315685
academic economics ,30.95814612315685
silicon valley,30.95814612315685
proclivity,30.95814612315685
funding ,30.95814612315685
uncertain price ,30.95814612315685
cradle ,30.95814612315685
ft press,30.95814612315685
increased service ,30.95814612315685
singular objective or goal,30.95814612315685
entrepreneurial process ,30.95814612315685
lengthy procedure,30.95814612315685
endogenous growth theory clarification,30.95814612315685
mcgraw hill professional,30.95814612315685
jarillo,30.95814612315685
minniti m and moren,30.95814612315685
correlation ,30.95814612315685
mixture ,30.95814612315685
self-employment,30.95814612315685
powerful insight ,30.95814612315685
growth,30.95814612315685
faulkner ,30.95814612315685
tarascio ,30.95814612315685
management education ,30.95814612315685
unemployed prior successful entrepreneurial experience full-time involvement ,30.95814612315685
mentoring,30.95814612315685
industry growing industry high technology impact,30.95814612315685
transaction publisher ,30.95814612315685
gene,30.95814612315685
ala huron street press,30.95814612315685
knowledge skill,30.95814612315685
variation ,30.95814612315685
products and new services citation ,30.95814612315685
completely competitive market,30.95814612315685
harpercollin,30.95814612315685
hisrich ,30.95814612315685
invisible man ,30.95814612315685
entrepreneurial launch ,30.95814612315685
expert,30.95814612315685
inquiry into profit,30.95814612315685
interrelationship,30.95814612315685
different education level,30.95814612315685
successful business ,30.95814612315685
extensive customization ,30.95814612315685
edit duening,30.95814612315685
principle,30.95814612315685
minniti m and moren ,30.95814612315685
colored ball,30.95814612315685
temporary venture ,30.95814612315685
relevant discussion ,30.95814612315685
uncertain venture ,30.95814612315685
gartner,30.95814612315685
interpretation,30.95814612315685
software product business,30.95814612315685
defillippi r spring ,30.95814612315685
book william stanley jevons ,30.95814612315685
business cycle,30.95814612315685
equilibrium ideal,30.95814612315685
extension,30.95814612315685
entrepreneurial management ,30.95814612315685
v t e private equity,30.95814612315685
large potential ,30.95814612315685
achievement n-ach,30.95814612315685
account,30.95814612315685
en wikipedia org w index php ,30.95814612315685
scholar,30.95814612315685
dearlove,30.95814612315685
repeated assembly,30.95814612315685
accountability,30.95814612315685
funds endowment ,30.95814612315685
colarelli o connor ,30.95814612315685
trait,30.95814612315685
joyful ,30.95814612315685
objectives edit entrepreneurship education ,30.95814612315685
essay ,30.95814612315685
economic adversity,30.95814612315685
idea or invention ,30.95814612315685
jean-baptiste say an economic agent,30.95814612315685
fluctuation,30.95814612315685
direction ,30.95814612315685
jacques des bruslon ,30.95814612315685
non-profit organization ,30.95814612315685
michael b ,30.95814612315685
financing edit bootstrapping edit entrepreneur,30.95814612315685
company written business plan activity,30.95814612315685
implied but unspecified actor ,30.95814612315685
recent consensus ,30.95814612315685
decreased cost ,30.95814612315685
products services and content business ,30.95814612315685
entrepreneurship entrepreneurs retrieved ,30.95814612315685
impossible method ,30.95814612315685
innovation and entrepreneurship,30.95814612315685
norderstedt,30.95814612315685
no other article,30.95814612315685
financial ,30.95814612315685
products services and content business,30.95814612315685
verification ,30.95814612315685
beholder ,30.95814612315685
internal locus,30.95814612315685
thomas n ,30.95814612315685
mark van osnabrugge ,30.95814612315685
independence number ,30.95814612315685
place ,30.95814612315685
first thing software entrepreneur,30.95814612315685
external investor,30.95814612315685
software television construction ,30.95814612315685
long-term economic growth ,30.95814612315685
enormous impact,30.95814612315685
partner ecosystem,30.95814612315685
modern auto industry ,30.95814612315685
washington,30.95814612315685
lvaro,30.95814612315685
ideas and business process,30.95814612315685
place,30.95814612315685
option,30.95814612315685
completely competitive market ,30.95814612315685
jesper s rensen ,30.95814612315685
normalization,30.95814612315685
individual client,30.95814612315685
ronald d ,30.95814612315685
entrepreneurial success edit factor,30.95814612315685
corporate work ,30.95814612315685
baptista ,30.95814612315685
economic activity creator,30.95814612315685
scheufele moy,30.95814612315685
academic economics,30.95814612315685
date,30.95814612315685
page number citation,30.95814612315685
innovator,30.95814612315685
salvador ,30.95814612315685
original research ,30.95814612315685
positive direction ,30.95814612315685
clayton ,30.95814612315685
orphan,30.95814612315685
pattern,30.95814612315685
consultant ,30.95814612315685
entrepreneurial strategy ,30.95814612315685
middle school student ,30.95814612315685
french economist jean-baptiste,30.95814612315685
crowd funding ,30.95814612315685
private equity and venture capital early history ,30.95814612315685
financial oversight ,30.95814612315685
student,30.95814612315685
decision ,30.95814612315685
red color ball ,30.95814612315685
loanword ,30.95814612315685
thomas n,30.95814612315685
related article ,30.95814612315685
narayanan ,30.95814612315685
edward elgar publishing ,30.95814612315685
emergent career ,30.95814612315685
frequent ,30.95814612315685
maintenance,30.95814612315685
entreprendre ,30.95814612315685
different way ,30.95814612315685
large potential,30.95814612315685
joyful and lengthy period,30.95814612315685
input,30.95814612315685
reader,30.95814612315685
academic press,30.95814612315685
principle ,30.95814612315685
absorbent mind ,30.95814612315685
corporate entrepreneurship or intrapreneurship ,30.95814612315685
trade,30.95814612315685
business start-up ,30.95814612315685
ambiguity ,30.95814612315685
hand,30.95814612315685
respond ,30.95814612315685
capturing ,30.95814612315685
eye-patch,30.95814612315685
competitive edge ,30.95814612315685
israel kirzner ,30.95814612315685
extension or complement,30.95814612315685
globe,30.95814612315685
institution,30.95814612315685
business or business,30.95814612315685
illusion,30.95814612315685
maintenance ,30.95814612315685
joyful,30.95814612315685
investment banks merchant banks commercial bank ,30.95814612315685
former entrepreneur,30.95814612315685
cosimo,30.95814612315685
advance ,30.95814612315685
references edit,30.95814612315685
available including,30.95814612315685
alfred marshall,30.95814612315685
european perspective,30.95814612315685
fauchart and gruber ,30.95814612315685
horse-drawn carriage ,30.95814612315685
policy makers live ,30.95814612315685
corporate entrepreneurship,30.95814612315685
yale university press ,30.95814612315685
tasks and meeting milestone,30.95814612315685
essay,30.95814612315685
european union commission analyses entrepreneurship education ,30.95814612315685
entry ,30.95814612315685
licensed package,30.95814612315685
network centrality ,30.95814612315685
business and financial operation ,30.95814612315685
art,30.95814612315685
quasi-statistical sense ,30.95814612315685
temporary organization ,30.95814612315685
michael b,30.95814612315685
roig ,30.95814612315685
edit economics portal book,30.95814612315685
vintage year private equity and venture capital investor,30.95814612315685
regular entrepreneurship,30.95814612315685
christensen ,30.95814612315685
version ,30.95814612315685
optimum allocation ,30.95814612315685
middle school student,30.95814612315685
uncertain price,30.95814612315685
business and financial operation,30.95814612315685
entrepreneurial capability ,30.95814612315685
horse-drawn carriage,30.95814612315685
kind,30.95814612315685
version,30.95814612315685
entrepreneur skill ,30.95814612315685
part inferior offering ,30.95814612315685
former entrepreneur ,30.95814612315685
loi ,30.95814612315685
product sale ,30.95814612315685
zwart,30.95814612315685
products or service ,30.95814612315685
bowman ,30.95814612315685
b cantillon ,30.95814612315685
shaker,30.95814612315685
driving factor,30.95814612315685
independence number and diversity ,30.95814612315685
taking risk ,30.95814612315685
ethnicity,30.95814612315685
structure private equity firm,30.95814612315685
child s capacity,30.95814612315685
enterprise ,30.95814612315685
current perspective ,30.95814612315685
project venture,30.95814612315685
recent research venture,30.95814612315685
external investor ,30.95814612315685
no spot,30.95814612315685
institution ,30.95814612315685
project entrepreneurship edit ,30.95814612315685
relational antecedent,30.95814612315685
firm creation,30.95814612315685
social entrepreneur,30.95814612315685
venture capital investor ,30.95814612315685
social venturing,30.95814612315685
navale,30.95814612315685
search process ,30.95814612315685
howard h stevenson the pursuit ,30.95814612315685
anderson ,30.95814612315685
current perspective,30.95814612315685
importance,30.95814612315685
entrepreneurial type,30.95814612315685
service competition,30.95814612315685
successful business,30.95814612315685
competence kleiner bef hi-gungsnachwei,30.95814612315685
direction,30.95814612315685
project performance ,30.95814612315685
james w halloran,30.95814612315685
guillebaud,30.95814612315685
find link tool ,30.95814612315685
researcher ,30.95814612315685
paul muljadi crainer ,30.95814612315685
stakeholder,30.95814612315685
significant influence,30.95814612315685
colored ball ,30.95814612315685
venture capital early history,30.95814612315685
achievement n-ach ,30.95814612315685
different education level ,30.95814612315685
guarantee,30.95814612315685
cluster,30.95814612315685
realization,30.95814612315685
holt ,30.95814612315685
problem ,30.95814612315685
disrupting class,30.95814612315685
attention,27.626302723724002
attention ,27.626302723724002
related reading ,24.37801537592845
scale,24.37801537592845
navigation,24.37801537592845
inline citation ,24.37801537592845
topic,24.37801537592845
en wikipedia ,24.37801537592845
external link ,24.37801537592845
related reading,24.37801537592845
inline citation,24.37801537592845
external link,24.37801537592845
en wikipedia,24.37801537592845
reference,24.37801537592845
precise citation,24.37801537592845
reference ,24.37801537592845
topic ,24.37801537592845
navigation ,24.37801537592845
scale ,24.37801537592845
precise citation ,24.37801537592845
existing firm,13.359815744584331
intrapreneurship ,13.359815744584331
existing firm ,13.359815744584331
content ,13.359815744584331
intrapreneurship,13.359815744584331
content,13.359815744584331
encyclopedia jump ,12.17115711009164
encyclopedia jump,12.17115711009164
ngo,0.0
exercise initiative,0.0
science park ,0.0
navigation search ,0.0
corporate venture ,0.0
creativity,0.0
first attempt ,0.0
state department ,0.0
history edit etymology and historical usage edit ,0.0
job,0.0
part-time project,0.0
angel funding ,0.0
job ,0.0
larry page ,0.0
required resource,0.0
social and political activity ,0.0
success or failure ,0.0
carl menger,0.0
first attempt,0.0
eric schmidt ,0.0
entrepreneurship concept ,0.0
state department,0.0
high value entrepreneurial venture,0.0
solo ,0.0
entrepreneurial initiative,0.0
risk and exercise initiative,0.0
organization and creativity,0.0
u s worker,0.0
solo,0.0
benefit ,0.0
startup ,0.0
knowledge entrepreneurship,0.0
microeconomics ,0.0
history edit etymology and historical usage edit,0.0
leader,0.0
global entrepreneurship monitor ,0.0
benefit,0.0
friedrich von hayek,0.0
larry page,0.0
classical economics,0.0
political activity,0.0
leadership initiative and innovation ,0.0
risk and exercise initiative ,0.0
required resource ,0.0
ambassador-at-large,0.0
political entrepreneurship ,0.0
leadership initiative,0.0
venture capital or angel funding,0.0
part-time project ,0.0
four ,0.0
entrepreneurial initiative ,0.0
sergey brin ,0.0
entrepreneurial mindset,0.0
sergey brin,0.0
social and political activity,0.0
factor,0.0
corporate venture,0.0
economist robert reich ,0.0
business or other organization ,0.0
leadership initiative ,0.0
organization and creativity ,0.0
navigation search,0.0
major driver ,0.0
improving existing product ,0.0
annual global entrepreneurship week event ,0.0
paul reynolds,0.0
entrepreneurship range,0.0
half ,0.0
high value entrepreneurial venture ,0.0
history edit etymology,0.0
knowledge entrepreneurship ,0.0
entrepreneurial mindset ,0.0
large organization,0.0
business or other organization,0.0
specific mindset,0.0
historical usage edit ,0.0
participant ,0.0
specific mindset ,0.0
factor ,0.0
retirement year,0.0
startup,0.0
business creation ,0.0
ambassador-at-large ,0.0
co-founder,0.0
success or failure,0.0
business incubator,0.0
adam smith,0.0
large organization ,0.0
historical usage edit,0.0
major driver,0.0
venture capital or angel funding ,0.0
large-scale undertaking,0.0
global entrepreneurship monitor,0.0
creativity ,0.0
subsidiary organization ,0.0
common activity,0.0
leader ,0.0
large-scale undertaking ,0.0
organizing,0.0
common activity ,0.0
retirement year ,0.0
adam smith ,0.0
human ,0.0
angel funding,0.0
u s worker ,0.0
participant,0.0
political activity ,0.0
austrian economist,0.0
word entrepreneur date,0.0
subsidiary organization,0.0
loan ,0.0
entrepreneurship range ,0.0
annual global entrepreneurship week event,0.0
leadership initiative and innovation,0.0
ngo ,0.0
carl menger ,0.0
austrian economist ,0.0
entrepreneurship concept,0.0
exercise initiative ,0.0
classical economics ,0.0
paul reynolds ,0.0
entrepreneurship ecosystem ,0.0
history edit etymology ,0.0
would-be entrepreneur ,0.0
eric schmidt,0.0
participating,0.0
business incubator ,0.0
human,0.0
business creation,0.0
improving existing product,0.0
loan,0.0
half,0.0
entrepreneurship ecosystem,0.0
four,0.0
microeconomics,0.0
course,0.0
course ,0.0
economist robert reich,0.0
political entrepreneurship,0.0
word entrepreneur date ,0.0
organizing ,0.0
origin ,0.0
co-founder ,0.0
origin,0.0
participating ,0.0
would-be entrepreneur,0.0
friedrich von hayek ,0.0
science park,0.0
