business,100.0
business ,100.0
entrepreneur,95.13888888888889
entrepreneur ,95.13888888888889
entrepreneurship ,87.5
entrepreneurship,87.5
article,40.97222222222222
article ,40.97222222222222
isbn,28.47222222222222
isbn ,28.47222222222222
software,27.083333333333332
software ,27.083333333333332
product ,25.0
product,25.0
capital,24.305555555555554
capital ,24.305555555555554
innovation ,21.52777777777778
innovation,21.52777777777778
schumpeter ,20.13888888888889
schumpeter,20.13888888888889
risk,19.444444444444443
risk ,19.444444444444443
needed ,18.75
needed,18.75
individual ,17.36111111111111
service ,17.36111111111111
service,17.36111111111111
individual,17.36111111111111
journal ,15.972222222222221
cantillon,15.972222222222221
cantillon ,15.972222222222221
journal,15.972222222222221
project,14.583333333333332
project ,14.583333333333332
venture,13.88888888888889
venture ,13.88888888888889
investor,13.194444444444445
research ,13.194444444444445
investor ,13.194444444444445
research,13.194444444444445
small business,12.5
small business ,12.5
company,12.5
company ,12.5
money ,11.805555555555555
profit,11.805555555555555
profit ,11.805555555555555
money,11.805555555555555
market ,11.11111111111111
type ,11.11111111111111
type,11.11111111111111
bootstrapping ,11.11111111111111
bootstrapping,11.11111111111111
market,11.11111111111111
press,10.416666666666666
resource ,10.416666666666666
press ,10.416666666666666
theory,10.416666666666666
resource,10.416666666666666
theory ,10.416666666666666
wikipedia,9.722222222222221
opportunity ,9.722222222222221
peter ,9.722222222222221
peter,9.722222222222221
opportunity,9.722222222222221
wikipedia ,9.722222222222221
shane ,9.027777777777777
ability ,9.027777777777777
entrepreneurship education,9.027777777777777
opinion ,9.027777777777777
start,9.027777777777777
start ,9.027777777777777
fund,9.027777777777777
opinion,9.027777777777777
entrepreneurship education ,9.027777777777777
fund ,9.027777777777777
career ,9.027777777777777
career,9.027777777777777
ability,9.027777777777777
shane,9.027777777777777
term ,8.333333333333332
term,8.333333333333332
help ,7.638888888888888
help,7.638888888888888
social,7.638888888888888
springer ,7.638888888888888
french ,7.638888888888888
debt ,7.638888888888888
bank ,7.638888888888888
french,7.638888888888888
social ,7.638888888888888
springer,7.638888888888888
uncertainty ,7.638888888888888
bank,7.638888888888888
economics,7.638888888888888
uncertainty,7.638888888888888
debt,7.638888888888888
economics ,7.638888888888888
development,7.638888888888888
development ,7.638888888888888
team ,6.944444444444445
organization,6.944444444444445
york,6.944444444444445
team,6.944444444444445
business model,6.944444444444445
technology ,6.944444444444445
organization ,6.944444444444445
technology,6.944444444444445
business model ,6.944444444444445
york ,6.944444444444445
approach ,6.25
people ,6.25
richard cantillon ,6.25
flow,6.25
case,6.25
red ball ,6.25
source ,6.25
csikszentmihalyi ,6.25
source,6.25
challenge,6.25
case ,6.25
people,6.25
success ,6.25
capitalism,6.25
approach,6.25
csikszentmihalyi,6.25
challenge ,6.25
red ball,6.25
flow ,6.25
capitalism ,6.25
success,6.25
richard cantillon,6.25
drucker,5.555555555555555
robert ,5.555555555555555
work ,5.555555555555555
high,5.555555555555555
robert,5.555555555555555
venture capital,5.555555555555555
high ,5.555555555555555
knight,5.555555555555555
work,5.555555555555555
knight ,5.555555555555555
venture capital ,5.555555555555555
drucker ,5.555555555555555
political economy,4.861111111111111
joseph schumpeter,4.861111111111111
montessori ,4.861111111111111
michael ,4.861111111111111
montessori,4.861111111111111
in-text citation,4.861111111111111
s rensen,4.861111111111111
number,4.861111111111111
price ,4.861111111111111
in-text citation ,4.861111111111111
price,4.861111111111111
list ,4.861111111111111
interest ,4.861111111111111
s rensen ,4.861111111111111
political economy ,4.861111111111111
joseph schumpeter ,4.861111111111111
interest,4.861111111111111
government,4.861111111111111
idea,4.861111111111111
michael,4.861111111111111
idea ,4.861111111111111
number ,4.861111111111111
list,4.861111111111111
essai,4.861111111111111
government ,4.861111111111111
essai ,4.861111111111111
economic growth,4.166666666666666
piracy ,4.166666666666666
peter drucker ,4.166666666666666
entrepreneurial success ,4.166666666666666
peter drucker,4.166666666666666
concept,4.166666666666666
concept ,4.166666666666666
piracy,4.166666666666666
economic growth ,4.166666666666666
entrepreneurial success,4.166666666666666
area ,3.4722222222222223
statistically ,3.4722222222222223
change,3.4722222222222223
jar,3.4722222222222223
united state,3.4722222222222223
johnson ,3.4722222222222223
performance ,3.4722222222222223
specifically marked weasel-worded phrase,3.4722222222222223
private equity ,3.4722222222222223
g n ral ,3.4722222222222223
practice ,3.4722222222222223
performance,3.4722222222222223
g n ral,3.4722222222222223
general,3.4722222222222223
link,3.4722222222222223
start-up,3.4722222222222223
private equity,3.4722222222222223
function,3.4722222222222223
jar ,3.4722222222222223
owner ,3.4722222222222223
probability ,3.4722222222222223
state,3.4722222222222223
information ,3.4722222222222223
encyclopedia ,3.4722222222222223
method ,3.4722222222222223
united state ,3.4722222222222223
johnson,3.4722222222222223
jean-baptiste ,3.4722222222222223
business venturing ,3.4722222222222223
area,3.4722222222222223
mihaly ,3.4722222222222223
specifically marked weasel-worded phrase ,3.4722222222222223
level,3.4722222222222223
competence,3.4722222222222223
academy,3.4722222222222223
encyclopedia,3.4722222222222223
difference ,3.4722222222222223
function ,3.4722222222222223
competence ,3.4722222222222223
motivation,3.4722222222222223
information,3.4722222222222223
book,3.4722222222222223
essai sur ,3.4722222222222223
level ,3.4722222222222223
software entrepreneurship ,3.4722222222222223
client ,3.4722222222222223
client,3.4722222222222223
public opinion ,3.4722222222222223
change ,3.4722222222222223
probability,3.4722222222222223
motivation ,3.4722222222222223
method,3.4722222222222223
owner,3.4722222222222223
link ,3.4722222222222223
state ,3.4722222222222223
project-entrepreneur,3.4722222222222223
practice,3.4722222222222223
public opinion,3.4722222222222223
difference,3.4722222222222223
statistically,3.4722222222222223
academy ,3.4722222222222223
general ,3.4722222222222223
jean-baptiste,3.4722222222222223
leadership,3.4722222222222223
mihaly,3.4722222222222223
stevenson,3.4722222222222223
start-up ,3.4722222222222223
essai sur,3.4722222222222223
software entrepreneurship,3.4722222222222223
page ,3.4722222222222223
pioneer ,3.4722222222222223
stevenson ,3.4722222222222223
leadership ,3.4722222222222223
book ,3.4722222222222223
page,3.4722222222222223
project-entrepreneur ,3.4722222222222223
business venturing,3.4722222222222223
pioneer,3.4722222222222223
nexus,2.7777777777777777
innate ability,2.7777777777777777
advantage,2.7777777777777777
economist,2.7777777777777777
encyclopedia jump ,2.7777777777777777
advantage ,2.7777777777777777
year,2.7777777777777777
social entrepreneurship ,2.7777777777777777
encyclopedia jump,2.7777777777777777
year ,2.7777777777777777
process,2.7777777777777777
word ,2.7777777777777777
example,2.7777777777777777
creation,2.7777777777777777
large ,2.7777777777777777
news,2.7777777777777777
word,2.7777777777777777
form ,2.7777777777777777
founder,2.7777777777777777
failure ,2.7777777777777777
large,2.7777777777777777
process ,2.7777777777777777
failure,2.7777777777777777
creation ,2.7777777777777777
social entrepreneurship,2.7777777777777777
economist ,2.7777777777777777
news ,2.7777777777777777
credit ,2.7777777777777777
credit,2.7777777777777777
nexus ,2.7777777777777777
example ,2.7777777777777777
founder ,2.7777777777777777
form,2.7777777777777777
innate ability ,2.7777777777777777
gruber,2.083333333333333
role,2.083333333333333
quality,2.083333333333333
social composition ,2.083333333333333
thing ,2.083333333333333
breakthrough innovation ,2.083333333333333
successful entrepreneur ,2.083333333333333
darwinians communitarian ,2.083333333333333
kilby,2.083333333333333
banks and investor,2.083333333333333
risk taker ,2.083333333333333
roth,2.083333333333333
equilibrium,2.083333333333333
related reading ,2.083333333333333
peer ,2.083333333333333
construction,2.083333333333333
changing environment ,2.083333333333333
software business ,2.083333333333333
united kingdom ,2.083333333333333
freel,2.083333333333333
efficiency ,2.083333333333333
project-based enterprise ,2.083333333333333
clarification,2.083333333333333
kilby ,2.083333333333333
incremental improvement ,2.083333333333333
scale,2.083333333333333
entrepreneurial performance ,2.083333333333333
initiative ,2.083333333333333
production,2.083333333333333
popular ,2.083333333333333
roth ,2.083333333333333
service business,2.083333333333333
clustering ,2.083333333333333
service business ,2.083333333333333
routledge,2.083333333333333
william stanley jevons ,2.083333333333333
meister certificate,2.083333333333333
international journal ,2.083333333333333
macmillan,2.083333333333333
style editing ,2.083333333333333
navigation,2.083333333333333
inline citation ,2.083333333333333
additional reference ,2.083333333333333
freel ,2.083333333333333
role ,2.083333333333333
talk page,2.083333333333333
topic,2.083333333333333
equilibrium ,2.083333333333333
concise encyclopedia ,2.083333333333333
landstrom ,2.083333333333333
combination,2.083333333333333
range,2.083333333333333
muljadi,2.083333333333333
task ,2.083333333333333
male,2.083333333333333
clarification ,2.083333333333333
issue,2.083333333333333
environment ,2.083333333333333
fauchart ,2.083333333333333
equity financing,2.083333333333333
parent,2.083333333333333
venkataraman,2.083333333333333
small firm ,2.083333333333333
person ,2.083333333333333
economic development ,2.083333333333333
combination ,2.083333333333333
venture capitalist,2.083333333333333
coining,2.083333333333333
william stanley jevons,2.083333333333333
agent,2.083333333333333
sobel ,2.083333333333333
thing,2.083333333333333
non-entrepreneur ,2.083333333333333
risk taker,2.083333333333333
democracy,2.083333333333333
issue ,2.083333333333333
creative destruction ,2.083333333333333
study,2.083333333333333
democracy ,2.083333333333333
en wikipedia ,2.083333333333333
changing environment,2.083333333333333
external link ,2.083333333333333
products and service,2.083333333333333
related reading,2.083333333333333
inline citation,2.083333333333333
return ,2.083333333333333
communitarian,2.083333333333333
products and service ,2.083333333333333
breakthrough innovation,2.083333333333333
unsourced statement,2.083333333333333
external link,2.083333333333333
software business,2.083333333333333
debt and equity financing ,2.083333333333333
promise,2.083333333333333
unsourced statement ,2.083333333333333
wikipedia article ,2.083333333333333
sobel,2.083333333333333
darwinian ,2.083333333333333
small proof ,2.083333333333333
genetics,2.083333333333333
citation ,2.083333333333333
cusumano,2.083333333333333
environment,2.083333333333333
popular,2.083333333333333
vol,2.083333333333333
landstrom,2.083333333333333
education level ,2.083333333333333
non-entrepreneur,2.083333333333333
en wikipedia,2.083333333333333
distinctive ,2.083333333333333
white ball,2.083333333333333
darwinian,2.083333333333333
ten ,2.083333333333333
entrepreneurship management ,2.083333333333333
american journal ,2.083333333333333
amount ,2.083333333333333
small firm,2.083333333333333
meister certificate ,2.083333333333333
banks and investor ,2.083333333333333
american journal,2.083333333333333
routledge ,2.083333333333333
economic development,2.083333333333333
darwinians communitarian,2.083333333333333
liberty ,2.083333333333333
style editing,2.083333333333333
vol ,2.083333333333333
productivity,2.083333333333333
efficiency,2.083333333333333
successful entrepreneur,2.083333333333333
venture capitalist ,2.083333333333333
alfred ,2.083333333333333
good ,2.083333333333333
investopedia ,2.083333333333333
range ,2.083333333333333
small business research ,2.083333333333333
task,2.083333333333333
marshall,2.083333333333333
customer,2.083333333333333
genetics ,2.083333333333333
true uncertainty,2.083333333333333
alfred,2.083333333333333
angel investor ,2.083333333333333
fauchart,2.083333333333333
product or service,2.083333333333333
field ,2.083333333333333
united kingdom,2.083333333333333
collection ,2.083333333333333
good,2.083333333333333
true uncertainty ,2.083333333333333
education level,2.083333333333333
cost,2.083333333333333
investopedia,2.083333333333333
pirate,2.083333333333333
reference,2.083333333333333
concise encyclopedia,2.083333333333333
person,2.083333333333333
la nature du commerce,2.083333333333333
citation,2.083333333333333
coining ,2.083333333333333
return,2.083333333333333
venkataraman ,2.083333333333333
entrepreneurship management,2.083333333333333
contemporary review,2.083333333333333
downside ,2.083333333333333
apprentice ,2.083333333333333
socialism ,2.083333333333333
entrepreneurship theory,2.083333333333333
precise citation,2.083333333333333
john wiley son,2.083333333333333
management review,2.083333333333333
agent ,2.083333333333333
entrepreneurship theory ,2.083333333333333
clustering,2.083333333333333
additional reference,2.083333333333333
parent ,2.083333333333333
entrepreneurial performance,2.083333333333333
product or service ,2.083333333333333
section ,2.083333333333333
reference ,2.083333333333333
wikipedia article,2.083333333333333
project-based enterprise,2.083333333333333
cost ,2.083333333333333
communitarian ,2.083333333333333
john wiley son ,2.083333333333333
promise ,2.083333333333333
capitalist,2.083333333333333
theory and practice,2.083333333333333
socialism,2.083333333333333
topic ,2.083333333333333
small proof,2.083333333333333
context ,2.083333333333333
incremental improvement,2.083333333333333
la nature du commerce ,2.083333333333333
muljadi ,2.083333333333333
marshall ,2.083333333333333
production ,2.083333333333333
customer ,2.083333333333333
macmillan ,2.083333333333333
peer,2.083333333333333
cusumano ,2.083333333333333
capitalist ,2.083333333333333
section,2.083333333333333
talk page ,2.083333333333333
study ,2.083333333333333
nature,2.083333333333333
social composition,2.083333333333333
contemporary review ,2.083333333333333
navigation ,2.083333333333333
white ball ,2.083333333333333
collection,2.083333333333333
downside,2.083333333333333
initiative,2.083333333333333
field,2.083333333333333
pirate ,2.083333333333333
quality ,2.083333333333333
amount,2.083333333333333
creative destruction,2.083333333333333
international journal,2.083333333333333
management review ,2.083333333333333
construction ,2.083333333333333
nature ,2.083333333333333
liberty,2.083333333333333
theory and practice ,2.083333333333333
debt and equity financing,2.083333333333333
angel investor,2.083333333333333
distinctive,2.083333333333333
scale ,2.083333333333333
small business research,2.083333333333333
male ,2.083333333333333
productivity ,2.083333333333333
apprentice,2.083333333333333
gruber ,2.083333333333333
ten,2.083333333333333
equity financing ,2.083333333333333
precise citation ,2.083333333333333
context,2.083333333333333
frank knight,1.3888888888888888
york city ,1.3888888888888888
searching,1.3888888888888888
individual opportunity ,1.3888888888888888
team-building ,1.3888888888888888
disruptive innovation ,1.3888888888888888
management ability,1.3888888888888888
dana ,1.3888888888888888
hollywood,1.3888888888888888
existing firm,1.3888888888888888
searching ,1.3888888888888888
startup company ,1.3888888888888888
intrapreneurship ,1.3888888888888888
existing firm ,1.3888888888888888
historical barrier,1.3888888888888888
term entrepreneur,1.3888888888888888
period ,1.3888888888888888
predictor,1.3888888888888888
innovating,1.3888888888888888
historical barrier ,1.3888888888888888
ludwig von mis,1.3888888888888888
predictor ,1.3888888888888888
team-building,1.3888888888888888
disruptive innovation,1.3888888888888888
startup company,1.3888888888888888
period,1.3888888888888888
frank knight ,1.3888888888888888
attention,1.3888888888888888
management ability ,1.3888888888888888
york city,1.3888888888888888
content ,1.3888888888888888
ludwig von mis ,1.3888888888888888
innovating ,1.3888888888888888
intrapreneurship,1.3888888888888888
hollywood ,1.3888888888888888
term entrepreneur ,1.3888888888888888
content,1.3888888888888888
dana,1.3888888888888888
attention ,1.3888888888888888
individual opportunity,1.3888888888888888
plastic,0.6944444444444444
recorded pronunciation ,0.6944444444444444
resource position,0.6944444444444444
self-view,0.6944444444444444
pdf ,0.6944444444444444
public equity pipe pledge fund investors corporation ,0.6944444444444444
status quo,0.6944444444444444
dictionnaire universel de commerce ,0.6944444444444444
auburn university ,0.6944444444444444
regard,0.6944444444444444
certified entrepreneur workbook ,0.6944444444444444
stuart ,0.6944444444444444
personal reflection or opinion essay ,0.6944444444444444
david mcclelland a person,0.6944444444444444
concepts theory ,0.6944444444444444
anders,0.6944444444444444
london ,0.6944444444444444
intense concentration,0.6944444444444444
entrepreneurship deakin ,0.6944444444444444
commerce,0.6944444444444444
economic recession,0.6944444444444444
co-operatives supplement entrepreneurship ,0.6944444444444444
innovate relate ,0.6944444444444444
unsourced material ,0.6944444444444444
french economist jean-baptiste ,0.6944444444444444
recent consensus,0.6944444444444444
venture capital basic investment type ,0.6944444444444444
primary or secondary school ,0.6944444444444444
government aid edit,0.6944444444444444
employees break,0.6944444444444444
consultant,0.6944444444444444
non-repayable grant,0.6944444444444444
roig,0.6944444444444444
drinking straw,0.6944444444444444
developer,0.6944444444444444
twentyfold,0.6944444444444444
primary ,0.6944444444444444
library,0.6944444444444444
leit o,0.6944444444444444
government aid ,0.6944444444444444
development plan,0.6944444444444444
forbes,0.6944444444444444
land labour,0.6944444444444444
paradigm,0.6944444444444444
products and new business model ,0.6944444444444444
good work,0.6944444444444444
knowledge skills and motivation,0.6944444444444444
content business ,0.6944444444444444
newer research,0.6944444444444444
optimum allocation,0.6944444444444444
significant influence ,0.6944444444444444
possibility ,0.6944444444444444
jay,0.6944444444444444
absorbent mind,0.6944444444444444
single product ,0.6944444444444444
opinion essay,0.6944444444444444
decreased cost,0.6944444444444444
female entrepreneur,0.6944444444444444
general theory,0.6944444444444444
growing market ,0.6944444444444444
moren,0.6944444444444444
regular basis ,0.6944444444444444
profitability ,0.6944444444444444
contemporary review company,0.6944444444444444
expert ,0.6944444444444444
europe ,0.6944444444444444
population,0.6944444444444444
people management ,0.6944444444444444
products and new services citation,0.6944444444444444
jay ,0.6944444444444444
business education ,0.6944444444444444
mcgraw hill professional ,0.6944444444444444
space shuttle,0.6944444444444444
ethnicity ,0.6944444444444444
financial return ,0.6944444444444444
paul ed ,0.6944444444444444
angel investing,0.6944444444444444
knowledge skills and motivation ,0.6944444444444444
lower,0.6944444444444444
venture capital help,0.6944444444444444
project venture ,0.6944444444444444
so-called freedom ,0.6944444444444444
prive ,0.6944444444444444
vital ingredient,0.6944444444444444
x-efficiency ,0.6944444444444444
suggestion ,0.6944444444444444
parent company,0.6944444444444444
risk-taking citation,0.6944444444444444
tarascio,0.6944444444444444
charitable organization,0.6944444444444444
uncertain income,0.6944444444444444
silence small business administration business administration innovation references edit,0.6944444444444444
funding edit bank financing edit ,0.6944444444444444
people management,0.6944444444444444
large part ,0.6944444444444444
verification,0.6944444444444444
personal reflection,0.6944444444444444
entrepreneurship scan ,0.6944444444444444
additional citation,0.6944444444444444
alfred marshall ,0.6944444444444444
venture capital help ,0.6944444444444444
europe,0.6944444444444444
sole proprietorship status wealth dominant race ,0.6944444444444444
assistance,0.6944444444444444
enterprising individual,0.6944444444444444
decision,0.6944444444444444
software product,0.6944444444444444
defining,0.6944444444444444
rent ,0.6944444444444444
nanda ,0.6944444444444444
cluster ,0.6944444444444444
customer service,0.6944444444444444
public perception edit individual,0.6944444444444444
psychologist,0.6944444444444444
germany ,0.6944444444444444
individual-opportunity nexus ,0.6944444444444444
socialism syndicalism retrieved,0.6944444444444444
natural experiment,0.6944444444444444
importance ,0.6944444444444444
drinking straw ,0.6944444444444444
peers influence decision ,0.6944444444444444
thenature,0.6944444444444444
so-called freedom,0.6944444444444444
independence number and diversity,0.6944444444444444
successful innovation ,0.6944444444444444
joseph schumpeter edit,0.6944444444444444
idea or invention,0.6944444444444444
recent research venture ,0.6944444444444444
entrepreneurs business opportunity corporate social entrepreneurship,0.6944444444444444
individual forget,0.6944444444444444
nicolaou,0.6944444444444444
team composition,0.6944444444444444
swedberg ,0.6944444444444444
gro er bef higungsnachweis kuhlenbeck,0.6944444444444444
shane and venkataraman ,0.6944444444444444
edit lawrence ,0.6944444444444444
medieval guild,0.6944444444444444
security,0.6944444444444444
germany craftsmanship,0.6944444444444444
theory development ,0.6944444444444444
products and services business ,0.6944444444444444
entrepreneur edit entrepreneur i ntr pr n r ,0.6944444444444444
guanzi institute press,0.6944444444444444
bowman,0.6944444444444444
entrepreneurship scan,0.6944444444444444
projects and profit,0.6944444444444444
high sea,0.6944444444444444
problem,0.6944444444444444
hisrich,0.6944444444444444
dell computer,0.6944444444444444
motivation and quality,0.6944444444444444
unknown number,0.6944444444444444
horn ,0.6944444444444444
time ,0.6944444444444444
horseless carriage ,0.6944444444444444
small percentage,0.6944444444444444
strong negotiating skill,0.6944444444444444
advance,0.6944444444444444
orphan ,0.6944444444444444
treatment,0.6944444444444444
growth and profit,0.6944444444444444
related article,0.6944444444444444
child s capacity ,0.6944444444444444
workplace peer,0.6944444444444444
innovation and entrepreneurship ,0.6944444444444444
peers influence decision,0.6944444444444444
individual client ,0.6944444444444444
indianapolis ,0.6944444444444444
software television construction,0.6944444444444444
german reich ,0.6944444444444444
disrupting class ,0.6944444444444444
typology ,0.6944444444444444
facebook ,0.6944444444444444
entrepreneurial capability,0.6944444444444444
arctic quebec,0.6944444444444444
business process,0.6944444444444444
different set ,0.6944444444444444
bad employee ,0.6944444444444444
wage ,0.6944444444444444
minniti m ,0.6944444444444444
singular objective ,0.6944444444444444
private equity private equity ,0.6944444444444444
business or business ,0.6944444444444444
entrepreneurialism ,0.6944444444444444
biographer anthony breer,0.6944444444444444
investment tax credit,0.6944444444444444
non-repayable grant ,0.6944444444444444
e aspect ,0.6944444444444444
critical challenge ,0.6944444444444444
psychologist ,0.6944444444444444
specifically marked weasel-worded phrases article ,0.6944444444444444
software economics,0.6944444444444444
world,0.6944444444444444
minniti m,0.6944444444444444
estimated net worth ,0.6944444444444444
experience ,0.6944444444444444
james w halloran ,0.6944444444444444
entrepreneurship and piracy ,0.6944444444444444
software product business ,0.6944444444444444
non-profit organizations or government,0.6944444444444444
colarelli o connor,0.6944444444444444
creating product ,0.6944444444444444
germany,0.6944444444444444
financial operation,0.6944444444444444
twentyfold ,0.6944444444444444
stock market investor ,0.6944444444444444
british entrepreneur karren brady ,0.6944444444444444
customer citizen client ,0.6944444444444444
date and year wikipedia article ,0.6944444444444444
developers and consultant,0.6944444444444444
defining ,0.6944444444444444
england ,0.6944444444444444
political economy term,0.6944444444444444
temporary organization,0.6944444444444444
x-efficiency,0.6944444444444444
private equity and venture capital early history,0.6944444444444444
corporate work,0.6944444444444444
sole proprietorship status wealth dominant race,0.6944444444444444
good and bad employee ,0.6944444444444444
developed software product,0.6944444444444444
inspiration ,0.6944444444444444
glossary ,0.6944444444444444
innovation management ,0.6944444444444444
business research ,0.6944444444444444
strength,0.6944444444444444
strengths and weakness,0.6944444444444444
b cantillon,0.6944444444444444
ft press ,0.6944444444444444
collaborative team,0.6944444444444444
small business adventure,0.6944444444444444
originate,0.6944444444444444
united kingdom governmental push,0.6944444444444444
related market ,0.6944444444444444
definition ,0.6944444444444444
evidence ,0.6944444444444444
strengths and weakness ,0.6944444444444444
entrepreneurial strategy,0.6944444444444444
american economic association,0.6944444444444444
edit business entrepreneur entrepreneurship list ,0.6944444444444444
widespread include ,0.6944444444444444
modern auto industry,0.6944444444444444
map ,0.6944444444444444
innovation management,0.6944444444444444
student ,0.6944444444444444
medieval guild ,0.6944444444444444
dramatic new technology,0.6944444444444444
extension or complement ,0.6944444444444444
small business success ,0.6944444444444444
line,0.6944444444444444
page number citation ,0.6944444444444444
software economics ,0.6944444444444444
non-profit organization,0.6944444444444444
goal ,0.6944444444444444
financing edit bootstrapping edit entrepreneur ,0.6944444444444444
car ,0.6944444444444444
winborg and landstrom,0.6944444444444444
paul ed,0.6944444444444444
uncertain venture,0.6944444444444444
single product or service competition,0.6944444444444444
personal loan guarantee ,0.6944444444444444
american economic association ,0.6944444444444444
conveys idea ,0.6944444444444444
entrepreneurial activity,0.6944444444444444
venture capital edit venture capital ,0.6944444444444444
option ,0.6944444444444444
matter ,0.6944444444444444
financial operation ,0.6944444444444444
rough economic time,0.6944444444444444
laudatory portrait ,0.6944444444444444
entrepreneur edit entrepreneur i ntr pr n r,0.6944444444444444
find link tool,0.6944444444444444
co-operatives supplement entrepreneurship,0.6944444444444444
innovative entrepreneur,0.6944444444444444
crowd funding,0.6944444444444444
policy makers live,0.6944444444444444
entrepreneurial management,0.6944444444444444
individual forget ,0.6944444444444444
invisible man,0.6944444444444444
charitable organization ,0.6944444444444444
israel kirzner,0.6944444444444444
higher productivity citation ,0.6944444444444444
piracy edit ,0.6944444444444444
penguin book ,0.6944444444444444
multi-tasking capitalist ,0.6944444444444444
interpretation ,0.6944444444444444
management education,0.6944444444444444
guy ,0.6944444444444444
consensus definition,0.6944444444444444
individual entrepreneurs graduate degrees management experience work experience,0.6944444444444444
social science view,0.6944444444444444
ideas and business process ,0.6944444444444444
first thing software entrepreneur ,0.6944444444444444
addition ,0.6944444444444444
political economist robert reich,0.6944444444444444
paper,0.6944444444444444
search process,0.6944444444444444
vintage year private equity ,0.6944444444444444
parent company ,0.6944444444444444
financial oversight,0.6944444444444444
ebbena ,0.6944444444444444
first challenge ,0.6944444444444444
social science view ,0.6944444444444444
swedberg,0.6944444444444444
economy ,0.6944444444444444
martyn p,0.6944444444444444
uncertain income ,0.6944444444444444
addition,0.6944444444444444
investment tax credit ,0.6944444444444444
business research,0.6944444444444444
author gifford pinchot,0.6944444444444444
lower ,0.6944444444444444
risk-taker,0.6944444444444444
entrepreneurship theory practice,0.6944444444444444
group,0.6944444444444444
yale university press,0.6944444444444444
vendor ,0.6944444444444444
rough economic time ,0.6944444444444444
secondary school ,0.6944444444444444
start-up company ,0.6944444444444444
extensive customization,0.6944444444444444
political economy term ,0.6944444444444444
temporary venture,0.6944444444444444
taking risk,0.6944444444444444
specific tool,0.6944444444444444
cases business contact,0.6944444444444444
singular objective,0.6944444444444444
available including ,0.6944444444444444
make a great leader,0.6944444444444444
products service ,0.6944444444444444
theoretical standpoint ,0.6944444444444444
harpercollin ,0.6944444444444444
founder identify,0.6944444444444444
maria montessori ,0.6944444444444444
founder identify ,0.6944444444444444
fact ,0.6944444444444444
software industry ,0.6944444444444444
long-term customer contract,0.6944444444444444
extroversion,0.6944444444444444
lundstrom ,0.6944444444444444
strong internal motivation ,0.6944444444444444
entrepreneurship and piracy edit ,0.6944444444444444
positive direction,0.6944444444444444
domingo,0.6944444444444444
thirteenth-century french verb ,0.6944444444444444
main type ,0.6944444444444444
long-term customer contract ,0.6944444444444444
wage,0.6944444444444444
venture capital basic investment type,0.6944444444444444
pattern ,0.6944444444444444
david mcclelland a person ,0.6944444444444444
normalization ,0.6944444444444444
resource citation,0.6944444444444444
solution ,0.6944444444444444
bod ,0.6944444444444444
relevant discussion,0.6944444444444444
proclivity ,0.6944444444444444
multi-tasking capitalist,0.6944444444444444
venture capital edit venture capital,0.6944444444444444
main type,0.6944444444444444
converse effect ,0.6944444444444444
norderstedt ,0.6944444444444444
kevin ,0.6944444444444444
money startup company venture capital financing venture debt venture ,0.6944444444444444
claim ,0.6944444444444444
invariably,0.6944444444444444
edition,0.6944444444444444
customer service ,0.6944444444444444
laudatory portrait,0.6944444444444444
illusion ,0.6944444444444444
higher productivity citation,0.6944444444444444
repeated assembly ,0.6944444444444444
extensive range,0.6944444444444444
david r henderson,0.6944444444444444
access date,0.6944444444444444
economics brewer,0.6944444444444444
management skill ,0.6944444444444444
equity stake,0.6944444444444444
protecting ,0.6944444444444444
entrepreneurship and small firm ,0.6944444444444444
sale,0.6944444444444444
quasi-statistical sense,0.6944444444444444
career and financial security,0.6944444444444444
early stage,0.6944444444444444
entrepreneurialism,0.6944444444444444
invention,0.6944444444444444
entrepreneurship deakin,0.6944444444444444
risk capital ,0.6944444444444444
prive,0.6944444444444444
rostam-afschar ,0.6944444444444444
united kingdom governmental push ,0.6944444444444444
internal locus ,0.6944444444444444
early stage ,0.6944444444444444
england,0.6944444444444444
government aid edit ,0.6944444444444444
entrepreneurial launch,0.6944444444444444
products or services or market ,0.6944444444444444
interrelationship ,0.6944444444444444
experience,0.6944444444444444
edit zahra ,0.6944444444444444
no spot ,0.6944444444444444
trade gewerbefreiheit ,0.6944444444444444
christensen,0.6944444444444444
part inferior offering,0.6944444444444444
peter kilby imitative entrepreneur ,0.6944444444444444
innovation and customer service,0.6944444444444444
conveys idea,0.6944444444444444
dimension,0.6944444444444444
entrepreneurship and economic development,0.6944444444444444
consensus definition ,0.6944444444444444
economic resource,0.6944444444444444
public perception edit individual ,0.6944444444444444
price system ,0.6944444444444444
high sea ,0.6944444444444444
recorded pronunciation,0.6944444444444444
production possibility curve ,0.6944444444444444
personal credit-card debt ,0.6944444444444444
t i attitude ,0.6944444444444444
direct observation,0.6944444444444444
current wagon,0.6944444444444444
entrepreneurship theory practice ,0.6944444444444444
cradle,0.6944444444444444
ribeiro ,0.6944444444444444
narayanan,0.6944444444444444
creating,0.6944444444444444
individual-opportunity nexus,0.6944444444444444
personal credit-card debt,0.6944444444444444
erik,0.6944444444444444
entrepreneurs business opportunity corporate social entrepreneurship ,0.6944444444444444
personal reflection ,0.6944444444444444
shane s and venkataraman,0.6944444444444444
social entrepreneur ,0.6944444444444444
business cycle ,0.6944444444444444
v t e private equity ,0.6944444444444444
harrison and mason,0.6944444444444444
extensive range ,0.6944444444444444
stanford graduate school ,0.6944444444444444
entrepreneurial organization ,0.6944444444444444
reader ,0.6944444444444444
venture capital firm ,0.6944444444444444
developers and consultant ,0.6944444444444444
references edit ,0.6944444444444444
endogenous growth theory clarification ,0.6944444444444444
proper planning ,0.6944444444444444
business start-up,0.6944444444444444
making decision,0.6944444444444444
auburn university,0.6944444444444444
arctic quebec ,0.6944444444444444
guarantee ,0.6944444444444444
risk capital,0.6944444444444444
no other article ,0.6944444444444444
lechter,0.6944444444444444
horseless carriage,0.6944444444444444
replacement,0.6944444444444444
germany craftsmanship ,0.6944444444444444
personal reflection or opinion essay,0.6944444444444444
production possibility curve,0.6944444444444444
richard cantillon non-fixed income earner ,0.6944444444444444
leit o ,0.6944444444444444
winston ,0.6944444444444444
german reich,0.6944444444444444
first ,0.6944444444444444
nonmoral approach ,0.6944444444444444
fostering entrepreneurship ,0.6944444444444444
venture mezzanine growth secondaries equity co-investment history history ,0.6944444444444444
facebook,0.6944444444444444
capturing,0.6944444444444444
correlation,0.6944444444444444
independence number,0.6944444444444444
comparison,0.6944444444444444
scheufele moy ,0.6944444444444444
edit economics portal book ,0.6944444444444444
project performance,0.6944444444444444
financial return,0.6944444444444444
infinitely broad range,0.6944444444444444
erik ,0.6944444444444444
entrepreneurial profit ,0.6944444444444444
software project ,0.6944444444444444
result ,0.6944444444444444
higher level using innovation,0.6944444444444444
traditional manufacturing ,0.6944444444444444
curtis w,0.6944444444444444
protecting,0.6944444444444444
strength ,0.6944444444444444
projects and profit ,0.6944444444444444
generator,0.6944444444444444
tailor,0.6944444444444444
opinion essay ,0.6944444444444444
t i attitude,0.6944444444444444
mcgraw-hill education,0.6944444444444444
different way,0.6944444444444444
globe and mail special,0.6944444444444444
application,0.6944444444444444
nanda,0.6944444444444444
mason,0.6944444444444444
entrepreneurial success edit factor ,0.6944444444444444
rathunde ,0.6944444444444444
nonmoral approach,0.6944444444444444
reliable source ,0.6944444444444444
fauchart and gruber,0.6944444444444444
population ,0.6944444444444444
world learn ,0.6944444444444444
product sale,0.6944444444444444
peter kilby imitative entrepreneur,0.6944444444444444
inspiration,0.6944444444444444
lengthy procedure ,0.6944444444444444
nicolaou ,0.6944444444444444
objectives edit entrepreneurship education,0.6944444444444444
relational antecedent ,0.6944444444444444
winborg,0.6944444444444444
non-profit organizations or government ,0.6944444444444444
fundamental way ,0.6944444444444444
ribeiro,0.6944444444444444
maria montessori,0.6944444444444444
private equity private equity,0.6944444444444444
intense concentration ,0.6944444444444444
harrison,0.6944444444444444
london,0.6944444444444444
efficiency and productivity ,0.6944444444444444
short-term project,0.6944444444444444
greater proof ,0.6944444444444444
self-employment ,0.6944444444444444
entreprendre,0.6944444444444444
economic resource ,0.6944444444444444
direct observation ,0.6944444444444444
traditional manufacturing,0.6944444444444444
quality and type ,0.6944444444444444
good and bad employee,0.6944444444444444
clayton,0.6944444444444444
economics brewer ,0.6944444444444444
absence,0.6944444444444444
digital soft,0.6944444444444444
art ,0.6944444444444444
stockholm university,0.6944444444444444
majority ,0.6944444444444444
edward elgar publishing,0.6944444444444444
fact,0.6944444444444444
skill set edit,0.6944444444444444
martyn p ,0.6944444444444444
funding edit bank financing edit,0.6944444444444444
mixture,0.6944444444444444
niche ,0.6944444444444444
coding,0.6944444444444444
entrepreneurial type ,0.6944444444444444
product strategy ,0.6944444444444444
harrison and mason ,0.6944444444444444
venture mezzanine growth secondaries equity co-investment history history,0.6944444444444444
author gifford pinchot ,0.6944444444444444
public equity pipe pledge fund investors corporation,0.6944444444444444
resource position ,0.6944444444444444
innovator ,0.6944444444444444
converse effect,0.6944444444444444
gender,0.6944444444444444
albert shapero ,0.6944444444444444
mail special,0.6944444444444444
steam engine,0.6944444444444444
concepts theory,0.6944444444444444
jacques des bruslon,0.6944444444444444
high profit ,0.6944444444444444
enterprising individual ,0.6944444444444444
ongoing design change,0.6944444444444444
economic recession ,0.6944444444444444
traditional school environment,0.6944444444444444
previously unpublished synthesis ,0.6944444444444444
gale ,0.6944444444444444
sale ,0.6944444444444444
howard h stevenson the pursuit,0.6944444444444444
critical challenge,0.6944444444444444
result,0.6944444444444444
software project,0.6944444444444444
economic theory ,0.6944444444444444
complement ,0.6944444444444444
entrepreneurial profit,0.6944444444444444
male and female entrepreneur,0.6944444444444444
singular objective or goal ,0.6944444444444444
graduate university program ,0.6944444444444444
realization ,0.6944444444444444
en wikipedia org w index php,0.6944444444444444
coining and defining,0.6944444444444444
control citation,0.6944444444444444
digital soft ,0.6944444444444444
risk-taker ,0.6944444444444444
economic activity creator ,0.6944444444444444
variety,0.6944444444444444
entrepreneurship and economic development ,0.6944444444444444
claim,0.6944444444444444
accountability ,0.6944444444444444
user pain,0.6944444444444444
setting ,0.6944444444444444
primary or secondary school,0.6944444444444444
baptista,0.6944444444444444
shaker ,0.6944444444444444
tasks and meeting milestone ,0.6944444444444444
navale ,0.6944444444444444
responsiveness ,0.6944444444444444
mark van osnabrugge,0.6944444444444444
developer ,0.6944444444444444
stock market investor,0.6944444444444444
driving factor ,0.6944444444444444
joseph schumpeter edit ,0.6944444444444444
dramatic new technology ,0.6944444444444444
washington ,0.6944444444444444
researcher,0.6944444444444444
project entrepreneu ,0.6944444444444444
industry growing industry high technology impact ,0.6944444444444444
software start-up experience ,0.6944444444444444
google,0.6944444444444444
additional citation ,0.6944444444444444
competitive edge,0.6944444444444444
software product ,0.6944444444444444
input ,0.6944444444444444
socially stratified culture,0.6944444444444444
joseph schumpeter innovator ,0.6944444444444444
group ,0.6944444444444444
long period,0.6944444444444444
jean-baptiste say an economic agent ,0.6944444444444444
space shuttle ,0.6944444444444444
lvaro ,0.6944444444444444
rent,0.6944444444444444
meeting milestone ,0.6944444444444444
business process ,0.6944444444444444
moderate risk taker citation ,0.6944444444444444
single product,0.6944444444444444
products and services business,0.6944444444444444
rathunde,0.6944444444444444
quality and type,0.6944444444444444
natural experiment ,0.6944444444444444
driessen ,0.6944444444444444
edit lawrence,0.6944444444444444
published material,0.6944444444444444
nationality ,0.6944444444444444
comparison ,0.6944444444444444
edit zahra,0.6944444444444444
mentoring ,0.6944444444444444
rostam-afschar,0.6944444444444444
emergent career,0.6944444444444444
fluctuation ,0.6944444444444444
previously unpublished synthesis,0.6944444444444444
lundstrom,0.6944444444444444
s particular feeling,0.6944444444444444
world ,0.6944444444444444
cuervo ,0.6944444444444444
vital ingredient ,0.6944444444444444
curtis w ,0.6944444444444444
lengthy period,0.6944444444444444
knightian uncertainty ,0.6944444444444444
paradigm ,0.6944444444444444
collaborative team ,0.6944444444444444
trade gewerbefreiheit,0.6944444444444444
enormous impact ,0.6944444444444444
globe ,0.6944444444444444
responsiveness,0.6944444444444444
google ,0.6944444444444444
mean,0.6944444444444444
matter,0.6944444444444444
different set,0.6944444444444444
treatise ,0.6944444444444444
date ,0.6944444444444444
male and female entrepreneur ,0.6944444444444444
generator ,0.6944444444444444
entrepreneur training manual ,0.6944444444444444
generation entrepreneur,0.6944444444444444
team composition ,0.6944444444444444
entry,0.6944444444444444
management skill,0.6944444444444444
red ocean,0.6944444444444444
enough client,0.6944444444444444
daily event ,0.6944444444444444
bad employee,0.6944444444444444
recent year ,0.6944444444444444
portrayal ,0.6944444444444444
guanzi institute press ,0.6944444444444444
mean ,0.6944444444444444
coining and defining ,0.6944444444444444
horn,0.6944444444444444
motive ,0.6944444444444444
dearlove ,0.6944444444444444
willingness ,0.6944444444444444
time,0.6944444444444444
faulkner,0.6944444444444444
schooling,0.6944444444444444
products and new business model,0.6944444444444444
economic adversity ,0.6944444444444444
globe and mail special ,0.6944444444444444
related market,0.6944444444444444
high profit,0.6944444444444444
dictionnaire universel de commerce,0.6944444444444444
blind assumption ,0.6944444444444444
encyclopedic style ,0.6944444444444444
software sale ,0.6944444444444444
mason ,0.6944444444444444
treatment ,0.6944444444444444
trait ,0.6944444444444444
creating product,0.6944444444444444
growth and profit ,0.6944444444444444
alternate description ,0.6944444444444444
salvador,0.6944444444444444
beholder,0.6944444444444444
money startup company venture capital financing venture debt venture,0.6944444444444444
jesper s rensen,0.6944444444444444
powerful insight,0.6944444444444444
empirical analysis,0.6944444444444444
ramoglou ,0.6944444444444444
ebbena,0.6944444444444444
music ,0.6944444444444444
general theory ,0.6944444444444444
paul muljadi crainer,0.6944444444444444
secondary school,0.6944444444444444
gartner ,0.6944444444444444
social motivation,0.6944444444444444
literature ,0.6944444444444444
wikibook,0.6944444444444444
line ,0.6944444444444444
plastic ,0.6944444444444444
estimated net worth,0.6944444444444444
application ,0.6944444444444444
multiple issue,0.6944444444444444
services business ,0.6944444444444444
original source,0.6944444444444444
william baumol,0.6944444444444444
traditional economic theory,0.6944444444444444
innovative entrepreneur ,0.6944444444444444
bod,0.6944444444444444
portion ,0.6944444444444444
pdf,0.6944444444444444
nunavik ,0.6944444444444444
proper planning,0.6944444444444444
network centrality,0.6944444444444444
equity stake ,0.6944444444444444
encyclopedic style,0.6944444444444444
thirteenth-century french verb,0.6944444444444444
business education,0.6944444444444444
financial security,0.6944444444444444
motive,0.6944444444444444
domingo ,0.6944444444444444
weakness,0.6944444444444444
greater proof,0.6944444444444444
entrepreneurship policy ,0.6944444444444444
silicon valley ,0.6944444444444444
ronald d,0.6944444444444444
red color ball,0.6944444444444444
structure private equity firm ,0.6944444444444444
evidence,0.6944444444444444
winston,0.6944444444444444
product strategy,0.6944444444444444
increased service,0.6944444444444444
venture capital firm,0.6944444444444444
early sale ,0.6944444444444444
music,0.6944444444444444
william baumol ,0.6944444444444444
economics and liberty ,0.6944444444444444
hybrid solution,0.6944444444444444
ala huron street press ,0.6944444444444444
technology entrepreneurship,0.6944444444444444
richard cantillon non-fixed income earner,0.6944444444444444
diversity ,0.6944444444444444
theoretical standpoint,0.6944444444444444
political economist robert reich ,0.6944444444444444
productivity difference ,0.6944444444444444
mihaly csikszentmihalyi ,0.6944444444444444
certified entrepreneur workbook,0.6944444444444444
entrepreneurship entrepreneurs retrieved,0.6944444444444444
term entrepreneurship ,0.6944444444444444
career and financial security ,0.6944444444444444
s particular feeling ,0.6944444444444444
respond,0.6944444444444444
single product or service competition ,0.6944444444444444
large sum,0.6944444444444444
rinehart,0.6944444444444444
customer citizen client,0.6944444444444444
term entrepreneurship,0.6944444444444444
stakeholder ,0.6944444444444444
company written business plan activity ,0.6944444444444444
entrepreneurship policy,0.6944444444444444
firm creation ,0.6944444444444444
early sale,0.6944444444444444
german craftsmanship ,0.6944444444444444
alternate description,0.6944444444444444
services business,0.6944444444444444
traditional microeconomic theory,0.6944444444444444
holt,0.6944444444444444
gene ,0.6944444444444444
generation entrepreneur ,0.6944444444444444
theory development,0.6944444444444444
investment banks merchant banks commercial bank,0.6944444444444444
project-entrepreneurship ,0.6944444444444444
strong internal motivation,0.6944444444444444
male entrepreneur,0.6944444444444444
portion,0.6944444444444444
european union commission analyses entrepreneurship education,0.6944444444444444
diversity,0.6944444444444444
financial security ,0.6944444444444444
vendor,0.6944444444444444
global business ,0.6944444444444444
developed software product ,0.6944444444444444
unknown number ,0.6944444444444444
frequent,0.6944444444444444
unsourced material,0.6944444444444444
global business,0.6944444444444444
typology,0.6944444444444444
self-view ,0.6944444444444444
variation,0.6944444444444444
zwart ,0.6944444444444444
originate ,0.6944444444444444
jo o,0.6944444444444444
cosimo ,0.6944444444444444
large sum ,0.6944444444444444
primary,0.6944444444444444
organization e g,0.6944444444444444
weakness ,0.6944444444444444
portrayal,0.6944444444444444
entrepreneurship and small firm,0.6944444444444444
invention ,0.6944444444444444
german craftsmanship,0.6944444444444444
inquiry into profit ,0.6944444444444444
early education ,0.6944444444444444
product cost,0.6944444444444444
kawasaki ,0.6944444444444444
costly myth,0.6944444444444444
recent approach,0.6944444444444444
skill set edit ,0.6944444444444444
daily event,0.6944444444444444
forbes ,0.6944444444444444
thenature ,0.6944444444444444
workplace peer ,0.6944444444444444
book william stanley jevons,0.6944444444444444
creating ,0.6944444444444444
vintage year private equity,0.6944444444444444
poor conceptualization ,0.6944444444444444
software industry,0.6944444444444444
venture capital early history ,0.6944444444444444
dimension ,0.6944444444444444
efficiency and productivity,0.6944444444444444
knowledge skill ,0.6944444444444444
jarillo ,0.6944444444444444
small percentage ,0.6944444444444444
start-up industry,0.6944444444444444
moren ,0.6944444444444444
residual ,0.6944444444444444
european perspective ,0.6944444444444444
kind ,0.6944444444444444
stuart,0.6944444444444444
productivity difference,0.6944444444444444
products or services or market,0.6944444444444444
social motivation ,0.6944444444444444
moderate risk taker citation,0.6944444444444444
start-up company,0.6944444444444444
status quo ,0.6944444444444444
early education,0.6944444444444444
joseph schumpeter innovator,0.6944444444444444
mail special ,0.6944444444444444
red ocean ,0.6944444444444444
long period ,0.6944444444444444
ambiguity,0.6944444444444444
social venturing ,0.6944444444444444
strong negotiating skill ,0.6944444444444444
successful innovation,0.6944444444444444
lengthy period ,0.6944444444444444
software sale,0.6944444444444444
small business success,0.6944444444444444
personal loan guarantee,0.6944444444444444
mcgraw-hill education ,0.6944444444444444
replacement ,0.6944444444444444
recent approach ,0.6944444444444444
shane s and venkataraman ,0.6944444444444444
empirical analysis ,0.6944444444444444
loi,0.6944444444444444
edition ,0.6944444444444444
vintage year private equity and venture capital investor ,0.6944444444444444
guillebaud ,0.6944444444444444
blind assumption,0.6944444444444444
growing market,0.6944444444444444
competence kleiner bef hi-gungsnachwei ,0.6944444444444444
ongoing design change ,0.6944444444444444
business model generation ,0.6944444444444444
risk-taking citation ,0.6944444444444444
female entrepreneur ,0.6944444444444444
ethical challenge ,0.6944444444444444
eye-patch ,0.6944444444444444
published material ,0.6944444444444444
fostering entrepreneurship,0.6944444444444444
jo o ,0.6944444444444444
technology entrepreneurship ,0.6944444444444444
shane and venkataraman,0.6944444444444444
regard ,0.6944444444444444
wide variety,0.6944444444444444
albert shapero,0.6944444444444444
original research,0.6944444444444444
ethical challenge,0.6944444444444444
glossary,0.6944444444444444
russell s sobel,0.6944444444444444
harrison ,0.6944444444444444
research policy,0.6944444444444444
newer research ,0.6944444444444444
different business model ,0.6944444444444444
first challenge,0.6944444444444444
account ,0.6944444444444444
resource citation ,0.6944444444444444
recent year,0.6944444444444444
assistance ,0.6944444444444444
entrepreneurship and piracy,0.6944444444444444
willingness,0.6944444444444444
theoretical framework,0.6944444444444444
employees break ,0.6944444444444444
stratification ,0.6944444444444444
hybrid solution ,0.6944444444444444
economy,0.6944444444444444
possibility,0.6944444444444444
library ,0.6944444444444444
implied but unspecified actor,0.6944444444444444
fundamental way,0.6944444444444444
profitability,0.6944444444444444
car,0.6944444444444444
dell computer ,0.6944444444444444
graduate university program,0.6944444444444444
law social ,0.6944444444444444
short-term project ,0.6944444444444444
world learn,0.6944444444444444
specifically marked weasel-worded phrases article,0.6944444444444444
setting,0.6944444444444444
public sector entrepreneurship ,0.6944444444444444
control citation ,0.6944444444444444
organization e g ,0.6944444444444444
research policy ,0.6944444444444444
socialism syndicalism retrieved ,0.6944444444444444
schooling ,0.6944444444444444
piracy edit,0.6944444444444444
price system,0.6944444444444444
large part,0.6944444444444444
nationality,0.6944444444444444
reliable source,0.6944444444444444
software start-up experience,0.6944444444444444
make a great leader ,0.6944444444444444
ramoglou,0.6944444444444444
entrepreneurial process,0.6944444444444444
poor conceptualization,0.6944444444444444
long-term economic growth,0.6944444444444444
services citation ,0.6944444444444444
good work ,0.6944444444444444
corporate entrepreneurship ,0.6944444444444444
sociology ,0.6944444444444444
security ,0.6944444444444444
cases business contact ,0.6944444444444444
academic press ,0.6944444444444444
content business,0.6944444444444444
nunavik,0.6944444444444444
variety ,0.6944444444444444
entrepreneur training manual,0.6944444444444444
access date ,0.6944444444444444
product cost ,0.6944444444444444
goal,0.6944444444444444
biographer anthony breer ,0.6944444444444444
project-entrepreneurship,0.6944444444444444
transaction publisher,0.6944444444444444
land labour and capital,0.6944444444444444
contemporary review company ,0.6944444444444444
winborg and landstrom ,0.6944444444444444
original source ,0.6944444444444444
growth ,0.6944444444444444
innovate relate,0.6944444444444444
business model generation,0.6944444444444444
economics and liberty,0.6944444444444444
trade ,0.6944444444444444
russell s sobel ,0.6944444444444444
guy,0.6944444444444444
rinehart ,0.6944444444444444
gender ,0.6944444444444444
tailor ,0.6944444444444444
coding ,0.6944444444444444
edit business entrepreneur entrepreneurship list,0.6944444444444444
innovation and customer service ,0.6944444444444444
increased focus ,0.6944444444444444
driessen,0.6944444444444444
enough client ,0.6944444444444444
essential leadership ,0.6944444444444444
infinitely broad range ,0.6944444444444444
winborg ,0.6944444444444444
current wagon ,0.6944444444444444
entrepreneurial activity ,0.6944444444444444
multiple issue ,0.6944444444444444
impossible method,0.6944444444444444
socially stratified culture ,0.6944444444444444
david r henderson ,0.6944444444444444
niche,0.6944444444444444
funds endowment,0.6944444444444444
silence small business administration business administration innovation references edit ,0.6944444444444444
individual entrepreneurs graduate degrees management experience work experience ,0.6944444444444444
unemployed prior successful entrepreneurial experience full-time involvement,0.6944444444444444
indianapolis,0.6944444444444444
majority,0.6944444444444444
literature,0.6944444444444444
enterprise,0.6944444444444444
absence ,0.6944444444444444
entrepreneur skill,0.6944444444444444
wikibook ,0.6944444444444444
theoretical framework ,0.6944444444444444
higher level using innovation ,0.6944444444444444
regular basis,0.6944444444444444
stanford graduate school,0.6944444444444444
service competition ,0.6944444444444444
costly myth ,0.6944444444444444
invariably ,0.6944444444444444
small business adventure ,0.6944444444444444
penguin book,0.6944444444444444
services citation,0.6944444444444444
public sector entrepreneurship,0.6944444444444444
loanword,0.6944444444444444
solution,0.6944444444444444
licensed package ,0.6944444444444444
complement,0.6944444444444444
entrepreneurship and piracy edit,0.6944444444444444
regular entrepreneurship ,0.6944444444444444
entrepreneurial organization,0.6944444444444444
user pain ,0.6944444444444444
defillippi r spring,0.6944444444444444
date and year wikipedia article,0.6944444444444444
funding,0.6944444444444444
definition,0.6944444444444444
scholar ,0.6944444444444444
project entrepreneurship edit,0.6944444444444444
edit duening ,0.6944444444444444
law social,0.6944444444444444
anders ,0.6944444444444444
e aspect,0.6944444444444444
commerce ,0.6944444444444444
male entrepreneur ,0.6944444444444444
first,0.6944444444444444
essential leadership,0.6944444444444444
making decision ,0.6944444444444444
equilibrium ideal ,0.6944444444444444
partner ecosystem ,0.6944444444444444
residual,0.6944444444444444
mihaly csikszentmihalyi,0.6944444444444444
traditional microeconomic theory ,0.6944444444444444
government aid,0.6944444444444444
treatise,0.6944444444444444
angel investing ,0.6944444444444444
anderson,0.6944444444444444
kawasaki,0.6944444444444444
kevin,0.6944444444444444
development plan ,0.6944444444444444
stockholm university ,0.6944444444444444
map,0.6944444444444444
gro er bef higungsnachweis kuhlenbeck ,0.6944444444444444
paper ,0.6944444444444444
products or service,0.6944444444444444
traditional economic theory ,0.6944444444444444
venture capital investor,0.6944444444444444
land labour ,0.6944444444444444
steam engine ,0.6944444444444444
products service,0.6944444444444444
widespread include,0.6944444444444444
land labour and capital ,0.6944444444444444
corporate entrepreneurship or intrapreneurship,0.6944444444444444
increased focus,0.6944444444444444
different business model,0.6944444444444444
traditional school environment ,0.6944444444444444
joyful and lengthy period ,0.6944444444444444
cuervo,0.6944444444444444
extroversion ,0.6944444444444444
knightian uncertainty,0.6944444444444444
future,0.6944444444444444
motivation and quality ,0.6944444444444444
specific tool ,0.6944444444444444
future ,0.6944444444444444
financial,0.6944444444444444
hand ,0.6944444444444444
extension ,0.6944444444444444
wide variety ,0.6944444444444444
project entrepreneu,0.6944444444444444
stratification,0.6944444444444444
economic theory,0.6944444444444444
start-up industry ,0.6944444444444444
suggestion,0.6944444444444444
british entrepreneur karren brady,0.6944444444444444
lechter ,0.6944444444444444
sociology,0.6944444444444444
gale,0.6944444444444444
meeting milestone,0.6944444444444444
academic economics ,0.6944444444444444
silicon valley,0.6944444444444444
proclivity,0.6944444444444444
funding ,0.6944444444444444
uncertain price ,0.6944444444444444
cradle ,0.6944444444444444
ft press,0.6944444444444444
increased service ,0.6944444444444444
singular objective or goal,0.6944444444444444
entrepreneurial process ,0.6944444444444444
lengthy procedure,0.6944444444444444
endogenous growth theory clarification,0.6944444444444444
mcgraw hill professional,0.6944444444444444
jarillo,0.6944444444444444
minniti m and moren,0.6944444444444444
correlation ,0.6944444444444444
mixture ,0.6944444444444444
self-employment,0.6944444444444444
powerful insight ,0.6944444444444444
growth,0.6944444444444444
faulkner ,0.6944444444444444
tarascio ,0.6944444444444444
management education ,0.6944444444444444
unemployed prior successful entrepreneurial experience full-time involvement ,0.6944444444444444
mentoring,0.6944444444444444
industry growing industry high technology impact,0.6944444444444444
transaction publisher ,0.6944444444444444
gene,0.6944444444444444
ala huron street press,0.6944444444444444
knowledge skill,0.6944444444444444
variation ,0.6944444444444444
products and new services citation ,0.6944444444444444
completely competitive market,0.6944444444444444
harpercollin,0.6944444444444444
hisrich ,0.6944444444444444
invisible man ,0.6944444444444444
entrepreneurial launch ,0.6944444444444444
expert,0.6944444444444444
inquiry into profit,0.6944444444444444
interrelationship,0.6944444444444444
different education level,0.6944444444444444
successful business ,0.6944444444444444
extensive customization ,0.6944444444444444
edit duening,0.6944444444444444
principle,0.6944444444444444
minniti m and moren ,0.6944444444444444
colored ball,0.6944444444444444
temporary venture ,0.6944444444444444
relevant discussion ,0.6944444444444444
uncertain venture ,0.6944444444444444
gartner,0.6944444444444444
interpretation,0.6944444444444444
software product business,0.6944444444444444
defillippi r spring ,0.6944444444444444
book william stanley jevons ,0.6944444444444444
business cycle,0.6944444444444444
equilibrium ideal,0.6944444444444444
extension,0.6944444444444444
entrepreneurial management ,0.6944444444444444
v t e private equity,0.6944444444444444
large potential ,0.6944444444444444
account,0.6944444444444444
achievement n-ach,0.6944444444444444
en wikipedia org w index php ,0.6944444444444444
dearlove,0.6944444444444444
scholar,0.6944444444444444
repeated assembly,0.6944444444444444
accountability,0.6944444444444444
funds endowment ,0.6944444444444444
colarelli o connor ,0.6944444444444444
trait,0.6944444444444444
joyful ,0.6944444444444444
objectives edit entrepreneurship education ,0.6944444444444444
essay ,0.6944444444444444
economic adversity,0.6944444444444444
idea or invention ,0.6944444444444444
jean-baptiste say an economic agent,0.6944444444444444
fluctuation,0.6944444444444444
direction ,0.6944444444444444
jacques des bruslon ,0.6944444444444444
non-profit organization ,0.6944444444444444
michael b ,0.6944444444444444
financing edit bootstrapping edit entrepreneur,0.6944444444444444
company written business plan activity,0.6944444444444444
implied but unspecified actor ,0.6944444444444444
recent consensus ,0.6944444444444444
decreased cost ,0.6944444444444444
products services and content business ,0.6944444444444444
entrepreneurship entrepreneurs retrieved ,0.6944444444444444
impossible method ,0.6944444444444444
innovation and entrepreneurship,0.6944444444444444
norderstedt,0.6944444444444444
no other article,0.6944444444444444
financial ,0.6944444444444444
products services and content business,0.6944444444444444
verification ,0.6944444444444444
beholder ,0.6944444444444444
internal locus,0.6944444444444444
thomas n ,0.6944444444444444
mark van osnabrugge ,0.6944444444444444
independence number ,0.6944444444444444
place ,0.6944444444444444
first thing software entrepreneur,0.6944444444444444
external investor,0.6944444444444444
software television construction ,0.6944444444444444
long-term economic growth ,0.6944444444444444
enormous impact,0.6944444444444444
partner ecosystem,0.6944444444444444
modern auto industry ,0.6944444444444444
washington,0.6944444444444444
lvaro,0.6944444444444444
ideas and business process,0.6944444444444444
place,0.6944444444444444
option,0.6944444444444444
completely competitive market ,0.6944444444444444
jesper s rensen ,0.6944444444444444
normalization,0.6944444444444444
individual client,0.6944444444444444
ronald d ,0.6944444444444444
entrepreneurial success edit factor,0.6944444444444444
corporate work ,0.6944444444444444
baptista ,0.6944444444444444
economic activity creator,0.6944444444444444
scheufele moy,0.6944444444444444
academic economics,0.6944444444444444
date,0.6944444444444444
page number citation,0.6944444444444444
innovator,0.6944444444444444
salvador ,0.6944444444444444
original research ,0.6944444444444444
positive direction ,0.6944444444444444
clayton ,0.6944444444444444
orphan,0.6944444444444444
pattern,0.6944444444444444
consultant ,0.6944444444444444
entrepreneurial strategy ,0.6944444444444444
middle school student ,0.6944444444444444
french economist jean-baptiste,0.6944444444444444
crowd funding ,0.6944444444444444
private equity and venture capital early history ,0.6944444444444444
financial oversight ,0.6944444444444444
student,0.6944444444444444
decision ,0.6944444444444444
red color ball ,0.6944444444444444
loanword ,0.6944444444444444
thomas n,0.6944444444444444
related article ,0.6944444444444444
narayanan ,0.6944444444444444
edward elgar publishing ,0.6944444444444444
emergent career ,0.6944444444444444
frequent ,0.6944444444444444
maintenance,0.6944444444444444
entreprendre ,0.6944444444444444
different way ,0.6944444444444444
large potential,0.6944444444444444
joyful and lengthy period,0.6944444444444444
input,0.6944444444444444
reader,0.6944444444444444
academic press,0.6944444444444444
principle ,0.6944444444444444
absorbent mind ,0.6944444444444444
corporate entrepreneurship or intrapreneurship ,0.6944444444444444
trade,0.6944444444444444
business start-up ,0.6944444444444444
ambiguity ,0.6944444444444444
hand,0.6944444444444444
respond ,0.6944444444444444
capturing ,0.6944444444444444
eye-patch,0.6944444444444444
competitive edge ,0.6944444444444444
israel kirzner ,0.6944444444444444
extension or complement,0.6944444444444444
globe,0.6944444444444444
institution,0.6944444444444444
business or business,0.6944444444444444
illusion,0.6944444444444444
maintenance ,0.6944444444444444
joyful,0.6944444444444444
investment banks merchant banks commercial bank ,0.6944444444444444
former entrepreneur,0.6944444444444444
cosimo,0.6944444444444444
advance ,0.6944444444444444
references edit,0.6944444444444444
available including,0.6944444444444444
alfred marshall,0.6944444444444444
european perspective,0.6944444444444444
fauchart and gruber ,0.6944444444444444
horse-drawn carriage ,0.6944444444444444
policy makers live ,0.6944444444444444
corporate entrepreneurship,0.6944444444444444
yale university press ,0.6944444444444444
tasks and meeting milestone,0.6944444444444444
essay,0.6944444444444444
european union commission analyses entrepreneurship education ,0.6944444444444444
entry ,0.6944444444444444
licensed package,0.6944444444444444
network centrality ,0.6944444444444444
business and financial operation ,0.6944444444444444
art,0.6944444444444444
quasi-statistical sense ,0.6944444444444444
temporary organization ,0.6944444444444444
michael b,0.6944444444444444
roig ,0.6944444444444444
edit economics portal book,0.6944444444444444
vintage year private equity and venture capital investor,0.6944444444444444
regular entrepreneurship,0.6944444444444444
christensen ,0.6944444444444444
version ,0.6944444444444444
optimum allocation ,0.6944444444444444
middle school student,0.6944444444444444
uncertain price,0.6944444444444444
business and financial operation,0.6944444444444444
entrepreneurial capability ,0.6944444444444444
horse-drawn carriage,0.6944444444444444
kind,0.6944444444444444
version,0.6944444444444444
entrepreneur skill ,0.6944444444444444
part inferior offering ,0.6944444444444444
former entrepreneur ,0.6944444444444444
loi ,0.6944444444444444
product sale ,0.6944444444444444
zwart,0.6944444444444444
products or service ,0.6944444444444444
bowman ,0.6944444444444444
b cantillon ,0.6944444444444444
shaker,0.6944444444444444
driving factor,0.6944444444444444
independence number and diversity ,0.6944444444444444
taking risk ,0.6944444444444444
ethnicity,0.6944444444444444
structure private equity firm,0.6944444444444444
child s capacity,0.6944444444444444
enterprise ,0.6944444444444444
current perspective ,0.6944444444444444
project venture,0.6944444444444444
recent research venture,0.6944444444444444
external investor ,0.6944444444444444
no spot,0.6944444444444444
institution ,0.6944444444444444
project entrepreneurship edit ,0.6944444444444444
relational antecedent,0.6944444444444444
firm creation,0.6944444444444444
social entrepreneur,0.6944444444444444
venture capital investor ,0.6944444444444444
social venturing,0.6944444444444444
navale,0.6944444444444444
search process ,0.6944444444444444
howard h stevenson the pursuit ,0.6944444444444444
anderson ,0.6944444444444444
current perspective,0.6944444444444444
importance,0.6944444444444444
entrepreneurial type,0.6944444444444444
service competition,0.6944444444444444
successful business,0.6944444444444444
competence kleiner bef hi-gungsnachwei,0.6944444444444444
direction,0.6944444444444444
project performance ,0.6944444444444444
james w halloran,0.6944444444444444
guillebaud,0.6944444444444444
find link tool ,0.6944444444444444
researcher ,0.6944444444444444
paul muljadi crainer ,0.6944444444444444
stakeholder,0.6944444444444444
significant influence,0.6944444444444444
colored ball ,0.6944444444444444
venture capital early history,0.6944444444444444
achievement n-ach ,0.6944444444444444
different education level ,0.6944444444444444
guarantee,0.6944444444444444
cluster,0.6944444444444444
realization,0.6944444444444444
holt ,0.6944444444444444
problem ,0.6944444444444444
disrupting class,0.6944444444444444
ngo,0.0
aphrochic interior decorating expert share ,0.0
exercise initiative,0.0
science park ,0.0
navigation search ,0.0
erin huffstetler frugal,0.0
beginners small business,0.0
super colorful home ,0.0
corporate venture ,0.0
creativity,0.0
first attempt ,0.0
state department ,0.0
history edit etymology and historical usage edit ,0.0
job,0.0
part-time project,0.0
angel funding ,0.0
redbox,0.0
job ,0.0
larry page ,0.0
required resource,0.0
social and political activity ,0.0
success or failure ,0.0
carl menger,0.0
facebooktwitterpinterestgoogle tumblr,0.0
first attempt,0.0
eric schmidt ,0.0
entrepreneurship concept ,0.0
state department,0.0
aphrochic interior decorating expert share,0.0
high value entrepreneurial venture,0.0
fiona haynes low fat cooking expert ,0.0
solo ,0.0
entrepreneurial initiative,0.0
allena tapia freelance,0.0
risk and exercise initiative,0.0
organization and creativity,0.0
ny washington,0.0
u s worker,0.0
facebooktwitterpinterestgoogle tumblr wait,0.0
solo,0.0
benefit ,0.0
facebooktwitterpinterestgoogle tumblr search follow,0.0
beginners small business ,0.0
startup ,0.0
reading,0.0
knowledge entrepreneurship,0.0
microeconomics ,0.0
history edit etymology and historical usage edit,0.0
leader,0.0
kendra cherry psychology expert share ,0.0
global entrepreneurship monitor ,0.0
benefit,0.0
visit,0.0
friedrich von hayek,0.0
larry page,0.0
beverly jenkins web humor expert healthy,0.0
allena tapia freelance ,0.0
visit ,0.0
stuff ,0.0
classical economics,0.0
political activity,0.0
leadership initiative and innovation ,0.0
risk and exercise initiative ,0.0
trending,0.0
required resource ,0.0
akila mcconnell food travel expert,0.0
ambassador-at-large,0.0
political entrepreneurship ,0.0
leadership initiative,0.0
venture capital or angel funding,0.0
site map ,0.0
calorie count ethics privacy policy user agreement reprint,0.0
stuff,0.0
part-time project ,0.0
four ,0.0
entrepreneurial initiative ,0.0
sergey brin ,0.0
entrepreneurial mindset,0.0
sergey brin,0.0
flu shot,0.0
social and political activity,0.0
factor,0.0
easy tomato basil soup ,0.0
cookie policy patent info write,0.0
corporate venture,0.0
bad day ,0.0
kendra cherry psychology expert share,0.0
phil lempert food reference expert share,0.0
economist robert reich ,0.0
business or other organization ,0.0
leadership initiative ,0.0
ny washington ,0.0
organization and creativity ,0.0
navigation search,0.0
major driver ,0.0
improving existing product ,0.0
annual global entrepreneurship week event ,0.0
paul reynolds,0.0
site map,0.0
entrepreneurship range,0.0
flu shot ,0.0
reading ,0.0
kristina duda ,0.0
half ,0.0
fiona haynes low fat cooking expert,0.0
dana anspach money,0.0
visibility,0.0
canada tax planning,0.0
high value entrepreneurial venture ,0.0
dc money banking loans car insurance,0.0
history edit etymology,0.0
knowledge entrepreneurship ,0.0
entrepreneurial mindset ,0.0
large organization,0.0
search food health home money tech travel follow,0.0
business or other organization,0.0
specific mindset,0.0
historical usage edit ,0.0
participant ,0.0
specific mindset ,0.0
factor ,0.0
retirement year,0.0
startup,0.0
dc money banking loans car insurance ,0.0
business creation ,0.0
ambassador-at-large ,0.0
co-founder,0.0
success or failure,0.0
business incubator,0.0
adam smith,0.0
visibility ,0.0
large organization ,0.0
stacy fisher freebies expert share ,0.0
historical usage edit,0.0
major driver,0.0
venture capital or angel funding ,0.0
large-scale undertaking,0.0
global entrepreneurship monitor,0.0
creativity ,0.0
subsidiary organization ,0.0
common activity,0.0
easy tomato basil soup,0.0
leader ,0.0
large-scale undertaking ,0.0
organizing,0.0
common activity ,0.0
retirement year ,0.0
cookie policy patent info write ,0.0
birthday ,0.0
dana anspach money ,0.0
adam smith ,0.0
human ,0.0
trending ,0.0
angel funding,0.0
u s worker ,0.0
participant,0.0
political activity ,0.0
beverly jenkins web humor expert healthy ,0.0
austrian economist,0.0
word entrepreneur date,0.0
subsidiary organization,0.0
loan ,0.0
akila mcconnell food travel expert ,0.0
entrepreneurship range ,0.0
cold day,0.0
annual global entrepreneurship week event,0.0
r n cold flu expert share ,0.0
leadership initiative and innovation,0.0
ngo ,0.0
carl menger ,0.0
austrian economist ,0.0
entrepreneurship concept,0.0
facebooktwitterpinterestgoogle tumblr ,0.0
facebooktwitterpinterestgoogle tumblr search follow ,0.0
erin huffstetler frugal ,0.0
exercise initiative ,0.0
classical economics ,0.0
paul reynolds ,0.0
entrepreneurship ecosystem ,0.0
history edit etymology ,0.0
would-be entrepreneur ,0.0
eric schmidt,0.0
redbox ,0.0
facebooktwitterpinterestgoogle tumblr wait ,0.0
calorie count ethics privacy policy user agreement reprint ,0.0
search food health home money tech travel follow ,0.0
participating,0.0
business incubator ,0.0
stacy fisher freebies expert share,0.0
kristina duda,0.0
human,0.0
business creation,0.0
improving existing product,0.0
loan,0.0
cold day ,0.0
iframe ,0.0
canada tax planning ,0.0
half,0.0
bad day,0.0
iframe,0.0
birthday,0.0
entrepreneurship ecosystem,0.0
four,0.0
microeconomics,0.0
super colorful home,0.0
course,0.0
course ,0.0
phil lempert food reference expert share ,0.0
economist robert reich,0.0
political entrepreneurship,0.0
word entrepreneur date ,0.0
organizing ,0.0
origin ,0.0
co-founder ,0.0
origin,0.0
participating ,0.0
would-be entrepreneur,0.0
friedrich von hayek ,0.0
r n cold flu expert share,0.0
science park,0.0
