ajax,100.0
ajax ,100.0
application ,71.91236062334632
application,71.91236062334632
web ,62.82979237114639
web,62.82979237114639
javascript,60.64086860202667
javascript ,60.64086860202667
view,58.667451770819405
view ,58.667451770819405
page ,55.57294420276171
page,55.57294420276171
football club ,52.37914676324665
football club,52.37914676324665
browser,44.53873714299863
browser ,44.53873714299863
xhr,37.066382036701505
xhr ,37.066382036701505
archived,37.066382036701505
original,37.066382036701505
original ,37.066382036701505
archived ,37.066382036701505
web application,37.066382036701505
web application ,37.066382036701505
xmlhttprequest ,36.4876714134846
xmlhttprequest,36.4876714134846
user,34.877458267581794
user ,34.877458267581794
use,33.26724512167899
use ,33.26724512167899
programming ,31.96212712785313
programming,31.96212712785313
html,31.96212712785313
html ,31.96212712785313
request,31.657031975776174
request ,31.657031975776174
php,26.857872219004744
state ,26.857872219004744
php ,26.857872219004744
xmlhttprequest object,26.857872219004744
state,26.857872219004744
xmlhttprequest object ,26.857872219004744
email,25.36872696820343
email ,25.36872696820343
cloud ,25.36872696820343
javascript and xml,25.36872696820343
javascript and xml ,25.36872696820343
cloud,25.36872696820343
server ,25.216179392164957
server,25.216179392164957
microsoft,23.605966246262152
microsoft ,23.605966246262152
text ,21.753617310156365
text,21.753617310156365
google,21.753617310156365
google ,21.753617310156365
tool,21.206386367876433
techtarget,21.206386367876433
ajax asynchronous javascript ,21.206386367876433
techtarget ,21.206386367876433
password ,21.206386367876433
ajax asynchronous javascript,21.206386367876433
password,21.206386367876433
tool ,21.206386367876433
developer,17.044045767549438
engine,17.044045767549438
engine ,17.044045767549438
news ,17.044045767549438
news,17.044045767549438
developer ,17.044045767549438
internet explorer ,16.649362401307982
dynamically,16.649362401307982
dynamically ,16.649362401307982
term ajax ,16.649362401307982
town ,16.649362401307982
town,16.649362401307982
term ajax,16.649362401307982
internet explorer,16.649362401307982
get,15.554900516748125
get ,15.554900516748125
id digdeeperviewall ,12.881705167222442
email address,12.881705167222442
email address ,12.881705167222442
button class button black-button,12.881705167222442
id digdeeperviewall,12.881705167222442
windows presentation foundation ,12.881705167222442
windows presentation foundation,12.881705167222442
button class button black-button ,12.881705167222442
information ,12.334474224942513
information,12.334474224942513
town ajax,11.545107492459602
change,11.545107492459602
interchange,11.545107492459602
url ,11.545107492459602
display,11.545107492459602
approach ,11.545107492459602
change ,11.545107492459602
alert ,11.545107492459602
problem,11.545107492459602
json ,11.545107492459602
xmlhttp,11.545107492459602
url,11.545107492459602
json,11.545107492459602
xmlhttp ,11.545107492459602
history ,11.545107492459602
town ajax ,11.545107492459602
character ,11.545107492459602
group,11.545107492459602
history,11.545107492459602
functionality,11.545107492459602
approach,11.545107492459602
functionality ,11.545107492459602
interchange ,11.545107492459602
load ,11.545107492459602
load,11.545107492459602
iframe ,11.545107492459602
iframe,11.545107492459602
alert,11.545107492459602
group ,11.545107492459602
character,11.545107492459602
display ,11.545107492459602
problem ,11.545107492459602
definition ,10.724261079039708
definition,10.724261079039708
example,10.724261079039708
example ,10.724261079039708
link ,9.41914308521385
link,9.41914308521385
united state,9.114047933136902
method,9.114047933136902
ibm ,9.114047933136902
asynchronous javascript,9.114047933136902
ibm,9.114047933136902
method ,9.114047933136902
united state ,9.114047933136902
asynchronous javascript ,9.114047933136902
googlead,8.719364566895447
border ,8.719364566895447
code,8.719364566895447
border,8.719364566895447
nexawebajaxcharacteristic ,8.719364566895447
img height,8.719364566895447
whati,8.719364566895447
nexawebajaxcharacteristic,8.719364566895447
partner,8.719364566895447
technology ,8.719364566895447
api ,8.719364566895447
partner ,8.719364566895447
technology,8.719364566895447
code ,8.719364566895447
googlead ,8.719364566895447
api,8.719364566895447
whati ,8.719364566895447
img height ,8.719364566895447
jesse james garrett ,7.503834787234099
background,7.503834787234099
jesse james garrett,7.503834787234099
background ,7.503834787234099
xml ,6.820879218372168
xml,6.820879218372168
salamina,6.440852583611221
alex,6.440852583611221
behavior,6.440852583611221
thing ,6.440852583611221
workaround,6.440852583611221
song ,6.440852583611221
url fragment identifier,6.440852583611221
jax,6.440852583611221
world wide web consortium ,6.440852583611221
jax ,6.440852583611221
manipulation ,6.440852583611221
xhr status ,6.440852583611221
support,6.440852583611221
process ,6.440852583611221
orlando ,6.440852583611221
trojan war ,6.440852583611221
netherlands,6.440852583611221
ruler ,6.440852583611221
disney,6.440852583611221
disney ,6.440852583611221
framework ,6.440852583611221
client-side ,6.440852583611221
orlando,6.440852583611221
song,6.440852583611221
data interchange,6.440852583611221
xslt ,6.440852583611221
ontario,6.440852583611221
manipulation,6.440852583611221
url fragment identifier ,6.440852583611221
web crawler ,6.440852583611221
ajax technique,6.440852583611221
son ,6.440852583611221
framework,6.440852583611221
ajax-enabled page,6.440852583611221
process,6.440852583611221
send,6.440852583611221
function,6.440852583611221
solution,6.440852583611221
title ,6.440852583611221
web site,6.440852583611221
hopmann ,6.440852583611221
page state ,6.440852583611221
ontario ,6.440852583611221
solution ,6.440852583611221
ajax technique ,6.440852583611221
web site ,6.440852583611221
support ,6.440852583611221
full page ,6.440852583611221
thing,6.440852583611221
draft,6.440852583611221
data interchange ,6.440852583611221
son,6.440852583611221
floppy disk controller ,6.440852583611221
ajax-enabled page ,6.440852583611221
javascript object notation,6.440852583611221
draft ,6.440852583611221
client-side,6.440852583611221
javascript object notation ,6.440852583611221
hopmann,6.440852583611221
dom ,6.440852583611221
send ,6.440852583611221
world wide web consortium,6.440852583611221
dom,6.440852583611221
returned text ,6.440852583611221
function ,6.440852583611221
salamina ,6.440852583611221
xslt,6.440852583611221
canada,6.440852583611221
trojan war,6.440852583611221
ship ,6.440852583611221
canada ,6.440852583611221
ship,6.440852583611221
floppy disk controller,6.440852583611221
returned text,6.440852583611221
title,6.440852583611221
workaround ,6.440852583611221
xhr status,6.440852583611221
behavior ,6.440852583611221
netherlands ,6.440852583611221
alex ,6.440852583611221
web crawler,6.440852583611221
page state,6.440852583611221
full page,6.440852583611221
ruler,6.440852583611221
web page ,5.8936216413312925
web page,5.8936216413312925
article ,5.65148585112831
article,5.65148585112831
document object model,4.557023966568451
microsoft object ,4.557023966568451
vendor resources developer ,4.557023966568451
delivery ,4.557023966568451
microsoft object xmlhttprequest ,4.557023966568451
cloud service system ,4.557023966568451
ajax engine ,4.557023966568451
javascript dynamic html ,4.557023966568451
searchsoa,4.557023966568451
mobile applications blackberry,4.557023966568451
guide ,4.557023966568451
synchronous replication,4.557023966568451
e-mail,4.557023966568451
year,4.557023966568451
microsoft object xmlhttprequest,4.557023966568451
intuit ,4.557023966568451
child elements load ,4.557023966568451
javascript dynamic html,4.557023966568451
microservice,4.557023966568451
style sheet,4.557023966568451
office winform,4.557023966568451
disaster strike ,4.557023966568451
document object model ,4.557023966568451
infrastructure ,4.557023966568451
performance problem ,4.557023966568451
wpf setting default,4.557023966568451
null value ,4.557023966568451
year ,4.557023966568451
null value,4.557023966568451
ride ,4.557023966568451
vendor resources developer,4.557023966568451
cloud price cut ,4.557023966568451
data source ,4.557023966568451
child elements load,4.557023966568451
wpf using search engine ,4.557023966568451
searchsoa ,4.557023966568451
data source,4.557023966568451
first,4.557023966568451
continued,4.557023966568451
div style display inline ,4.557023966568451
programming tool,4.557023966568451
business transformation strategy ,4.557023966568451
continued ,4.557023966568451
application design,4.557023966568451
div style ,4.557023966568451
site-wide failover netapp,4.557023966568451
synchronous replication ,4.557023966568451
div style display inline,4.557023966568451
client view,4.557023966568451
ajax learning guide,4.557023966568451
disaster strike,4.557023966568451
delivery,4.557023966568451
office winform ,4.557023966568451
first ,4.557023966568451
interactive application,4.557023966568451
process user request ,4.557023966568451
intuit,4.557023966568451
docker,4.557023966568451
programming tool ,4.557023966568451
performance problem,4.557023966568451
e-mail ,4.557023966568451
guide,4.557023966568451
microsoft object,4.557023966568451
process user request,4.557023966568451
cloud price cut,4.557023966568451
cloud service system,4.557023966568451
mobile applications blackberry ,4.557023966568451
problem solve,4.557023966568451
style sheet ,4.557023966568451
infrastructure,4.557023966568451
interactive application ,4.557023966568451
business transformation strategy,4.557023966568451
wpf using search engine,4.557023966568451
cursor,4.557023966568451
microservice ,4.557023966568451
web browser ,4.557023966568451
web browser,4.557023966568451
peakcolo netapp ,4.557023966568451
site-wide failover netapp ,4.557023966568451
ajax learning guide ,4.557023966568451
ajax engine,4.557023966568451
peakcolo netapp,4.557023966568451
client view ,4.557023966568451
problem solve ,4.557023966568451
cursor ,4.557023966568451
wpf setting default ,4.557023966568451
ride,4.557023966568451
application design ,4.557023966568451
docker ,4.557023966568451
div style,4.557023966568451
ajax application ,4.283408495428487
ajax application,4.283408495428487
content ,3.856089011684011
content,3.856089011684011
technique,2.1619231792907767
technique ,2.1619231792907767
chri ,1.3365976747628412
ajax term,1.3365976747628412
page content ,1.3365976747628412
text plain,1.3365976747628412
default page,1.3365976747628412
en wikipedia,1.3365976747628412
content type header content-type,1.3365976747628412
fictional company ,1.3365976747628412
official web standard,1.3365976747628412
operation ajax,1.3365976747628412
browser and server,1.3365976747628412
selenium documentation ,1.3365976747628412
v t e cloud computing applications google app,1.3365976747628412
google page,1.3365976747628412
alex hopmann s blog ,1.3365976747628412
default page ,1.3365976747628412
marvel universe ajak,1.3365976747628412
navigation search ,1.3365976747628412
stock quote ,1.3365976747628412
user interaction ,1.3365976747628412
danish handball team,1.3365976747628412
football edit ,1.3365976747628412
technologies edit,1.3365976747628412
search completion popup ,1.3365976747628412
first component xmlhttp,1.3365976747628412
natchitoches parish ajax,1.3365976747628412
server-side script,1.3365976747628412
use dmy date,1.3365976747628412
tim ,1.3365976747628412
isbn,1.3365976747628412
special cross domain communications channel ,1.3365976747628412
microsoft outlook web app team,1.3365976747628412
single technology,1.3365976747628412
form ,1.3365976747628412
edit ajax framework list ,1.3365976747628412
alex hopmann s blog,1.3365976747628412
format ,1.3365976747628412
member,1.3365976747628412
part ,1.3365976747628412
invisible iframe,1.3365976747628412
wikibook,1.3365976747628412
utility ,1.3365976747628412
looney tune,1.3365976747628412
brazil,1.3365976747628412
smartphones and pda ,1.3365976747628412
utility,1.3365976747628412
single technology ,1.3365976747628412
asynchronous communication javascript ,1.3365976747628412
locri,1.3365976747628412
apache org ,1.3365976747628412
file system,1.3365976747628412
partial change ,1.3365976747628412
activex version ,1.3365976747628412
xml example ,1.3365976747628412
humor device,1.3365976747628412
dmoz link,1.3365976747628412
msn ,1.3365976747628412
standards-compliant cross browser ajax ,1.3365976747628412
pda,1.3365976747628412
example edit,1.3365976747628412
ajax technique ajax floppy disk controller ,1.3365976747628412
eight south devon railway dido class steam locomotive ,1.3365976747628412
station,1.3365976747628412
leiden ,1.3365976747628412
jaw,1.3365976747628412
en wikipedia org w index php title ajax programming ,1.3365976747628412
xml http thing ,1.3365976747628412
native xmlhttprequest model ,1.3365976747628412
style information ,1.3365976747628412
native xmlhttprequest model,1.3365976747628412
oileu ,1.3365976747628412
hudson landry music edit ajax band,1.3365976747628412
salami,1.3365976747628412
electronic band ,1.3365976747628412
html and cs,1.3365976747628412
york city ajax dj,1.3365976747628412
dynamic html,1.3365976747628412
cross-site request,1.3365976747628412
english ,1.3365976747628412
andrea,1.3365976747628412
jaw ,1.3365976747628412
american soccer team ,1.3365976747628412
xhr open get send-ajax-data php ,1.3365976747628412
internal link,1.3365976747628412
keyboardist,1.3365976747628412
cuthbertson,1.3365976747628412
telamon,1.3365976747628412
ghost town ajax,1.3365976747628412
news stories and stock quote ,1.3365976747628412
ancient greek tragedian sophocles ajax,1.3365976747628412
ajax-based app,1.3365976747628412
file system ,1.3365976747628412
devx ,1.3365976747628412
eternal,1.3365976747628412
disney equivalent,1.3365976747628412
implicit wait,1.3365976747628412
article disambiguation page ,1.3365976747628412
internet connection,1.3365976747628412
inconvenient ,1.3365976747628412
west virginia aspen mountain colorado,1.3365976747628412
south african football club ajax de ouenz ,1.3365976747628412
stock quote,1.3365976747628412
public beta release,1.3365976747628412
quinsey,1.3365976747628412
florida ajax sportman combinatie asc,1.3365976747628412
complete html page ,1.3365976747628412
disney equivalent ,1.3365976747628412
reverse ajax rich internet application websocket actionscript references edit,1.3365976747628412
inconvenient,1.3365976747628412
drawbacks edit ,1.3365976747628412
ajax mine other edit ,1.3365976747628412
client script,1.3365976747628412
x html fragment,1.3365976747628412
electronic band,1.3365976747628412
search engine,1.3365976747628412
cuthbertson ,1.3365976747628412
pen,1.3365976747628412
xhtml and cs,1.3365976747628412
american anti-aircraft missile literature and fiction edit ajax sophocles ,1.3365976747628412
cricket and football club,1.3365976747628412
portal site,1.3365976747628412
maltese football club uni n jax,1.3365976747628412
partial change,1.3365976747628412
oldest preserved steam locomotive,1.3365976747628412
ajax mountain kanichee mine,1.3365976747628412
asynchronous html and http ahah,1.3365976747628412
ahah,1.3365976747628412
plain text,1.3365976747628412
type,1.3365976747628412
atari ste sports edit ,1.3365976747628412
isbn ,1.3365976747628412
excessive bandwidth ,1.3365976747628412
b c jesse james garrett ,1.3365976747628412
adaptivepath,1.3365976747628412
iframe technology ,1.3365976747628412
dynamic page update ,1.3365976747628412
ullman,1.3365976747628412
special cross domain communications channel,1.3365976747628412
football edit,1.3365976747628412
hero,1.3365976747628412
pda ,1.3365976747628412
paul,1.3365976747628412
external links edit ,1.3365976747628412
alternative mean ,1.3365976747628412
wiktionary ,1.3365976747628412
american soccer team,1.3365976747628412
successful return ,1.3365976747628412
origin policy ,1.3365976747628412
presentation ,1.3365976747628412
style information,1.3365976747628412
first component xmlhttp ,1.3365976747628412
edward ,1.3365976747628412
unstable internet connection,1.3365976747628412
kayak user interface,1.3365976747628412
deep linking ,1.3365976747628412
ajax and screenreader,1.3365976747628412
play,1.3365976747628412
hint,1.3365976747628412
javascript object notation json ,1.3365976747628412
fine-grained tracking,1.3365976747628412
brand ,1.3365976747628412
french champion racehorse ajax ii b ,1.3365976747628412
trojan war people edit ajax missionary arian missionary ,1.3365976747628412
preformatted html ,1.3365976747628412
ajax ajax,1.3365976747628412
sitepoint,1.3365976747628412
get method,1.3365976747628412
locrian contingent,1.3365976747628412
security feature,1.3365976747628412
communicate,1.3365976747628412
leader ,1.3365976747628412
wai-aria overview ,1.3365976747628412
congolese football club ajax futebol clube,1.3365976747628412
ajax request var xhr,1.3365976747628412
american anti-aircraft missile literature,1.3365976747628412
programming cloud standard,1.3365976747628412
aaron swartz,1.3365976747628412
standards-compliant cross browser ajax,1.3365976747628412
architecture journal msdn,1.3365976747628412
user action,1.3365976747628412
cleaning product,1.3365976747628412
article disambiguation page,1.3365976747628412
origin policy,1.3365976747628412
oracle com arungupta entry ajax vs ajax ajax ofcourse,1.3365976747628412
european mainland ajax,1.3365976747628412
home microsoft ,1.3365976747628412
current state,1.3365976747628412
mozilla,1.3365976747628412
security feature ,1.3365976747628412
natchitoches parish ajax ,1.3365976747628412
fiction edit ajax sophocles,1.3365976747628412
device ,1.3365976747628412
nash motor ,1.3365976747628412
asynchronous communication javascript,1.3365976747628412
keyboardist ,1.3365976747628412
public high school ,1.3365976747628412
arcade game places edit ajax ,1.3365976747628412
display and behavior,1.3365976747628412
christianity c,1.3365976747628412
town ajax high school ,1.3365976747628412
screen reader,1.3365976747628412
tat ajax furnace ,1.3365976747628412
unincorporated community ,1.3365976747628412
english,1.3365976747628412
attempt,1.3365976747628412
text plain ,1.3365976747628412
wiktionary,1.3365976747628412
fine-grained tracking ,1.3365976747628412
cricket ,1.3365976747628412
greater ajax,1.3365976747628412
user experience ,1.3365976747628412
ajax aias salamina f c ,1.3365976747628412
user action ,1.3365976747628412
javascript or xmlhttprequest,1.3365976747628412
ajaj variant,1.3365976747628412
greater ajax ,1.3365976747628412
australian champion racehorse vehicles edit ,1.3365976747628412
invisible iframe ,1.3365976747628412
fictional company,1.3365976747628412
official kayak,1.3365976747628412
xhr open get send-ajax-data php,1.3365976747628412
complete page ,1.3365976747628412
lms royal scot class express locomotive ,1.3365976747628412
emperor ferdinand northern railway ,1.3365976747628412
jsonp,1.3365976747628412
device,1.3365976747628412
soviet top secret aerospacecraft project nike ajax,1.3365976747628412
best-known football club,1.3365976747628412
kayak user interface ,1.3365976747628412
canada ajax go station ,1.3365976747628412
netherlands fc ajax lasnam e,1.3365976747628412
wikimedia common,1.3365976747628412
asynchronous programming,1.3365976747628412
display and behavior ,1.3365976747628412
wikimedia common ,1.3365976747628412
news stories and stock quote,1.3365976747628412
popup list ,1.3365976747628412
hint ,1.3365976747628412
xhr readystate,1.3365976747628412
topic,1.3365976747628412
data xml ,1.3365976747628412
broad group,1.3365976747628412
implicit wait ,1.3365976747628412
greece birthplace ,1.3365976747628412
royal navy uss ajax ,1.3365976747628412
trujillo ,1.3365976747628412
ajax mountain kanichee mine ,1.3365976747628412
popular javascript library jquery ,1.3365976747628412
secure cross-domain communication,1.3365976747628412
moroccan futsal indoor football club ajax orlando prospect,1.3365976747628412
client script ,1.3365976747628412
animated television series duckman martian manhunter ,1.3365976747628412
emperor ferdinand northern railway,1.3365976747628412
jquery example,1.3365976747628412
safari ,1.3365976747628412
ajax frameworks ajax service bus comet programming ,1.3365976747628412
iframe tag ,1.3365976747628412
opera,1.3365976747628412
ajax frameworks ajax service bus comet programming,1.3365976747628412
non-javascript method,1.3365976747628412
post,1.3365976747628412
internal link ,1.3365976747628412
shiflett,1.3365976747628412
florida ajax sportman combinatie asc ,1.3365976747628412
get-ajax-data j ,1.3365976747628412
non-javascript method ,1.3365976747628412
full scale ,1.3365976747628412
moroccan futsal indoor football club ajax orlando prospect ,1.3365976747628412
xhtml ,1.3365976747628412
congolese football club ajax futebol clube ,1.3365976747628412
home microsoft,1.3365976747628412
xmlhttp activex control,1.3365976747628412
secure cross-domain communication ,1.3365976747628412
access control,1.3365976747628412
nash motor,1.3365976747628412
links and form,1.3365976747628412
server-side script ,1.3365976747628412
south african football club ajax de ouenz,1.3365976747628412
gfxmonk net,1.3365976747628412
wikibook ,1.3365976747628412
north american record company a-jax band,1.3365976747628412
format,1.3365976747628412
danish handball team ,1.3365976747628412
search engine ,1.3365976747628412
search completion,1.3365976747628412
presentation,1.3365976747628412
search completion popup,1.3365976747628412
york city ajax dj ,1.3365976747628412
e d k,1.3365976747628412
x html fragment ,1.3365976747628412
u s ajax american automobile ,1.3365976747628412
trojan war people edit ajax missionary arian missionary,1.3365976747628412
state change,1.3365976747628412
lms royal scot class express locomotive,1.3365976747628412
ajax or ajax,1.3365976747628412
wrox,1.3365976747628412
leader,1.3365976747628412
greece birthplace,1.3365976747628412
west virginia aspen mountain colorado ,1.3365976747628412
post ,1.3365976747628412
chri,1.3365976747628412
asynchronous html and http ahah ,1.3365976747628412
jsonp ,1.3365976747628412
hudson landry music edit ajax band ,1.3365976747628412
trujillo,1.3365976747628412
coined the term ajax,1.3365976747628412
prokoph ,1.3365976747628412
amsterdam ,1.3365976747628412
q a ajax programming ,1.3365976747628412
lesser,1.3365976747628412
story,1.3365976747628412
search,1.3365976747628412
dynamic web page update ,1.3365976747628412
instance ,1.3365976747628412
suevi ,1.3365976747628412
french champion racehorse ajax ii b,1.3365976747628412
asynchronous web application,1.3365976747628412
number,1.3365976747628412
query ,1.3365976747628412
ajax aias salamina f c,1.3365976747628412
internet connection ,1.3365976747628412
sitepoint ,1.3365976747628412
dmoz link ,1.3365976747628412
additional load,1.3365976747628412
explicit,1.3365976747628412
quinsey ,1.3365976747628412
wikidata article,1.3365976747628412
eternal ,1.3365976747628412
unstable internet connection ,1.3365976747628412
adaptivepath ,1.3365976747628412
dynamic page update,1.3365976747628412
get method ,1.3365976747628412
first large-scale e-commerce ,1.3365976747628412
hero ,1.3365976747628412
play ,1.3365976747628412
activex version,1.3365976747628412
preformatted html or plain text,1.3365976747628412
domain,1.3365976747628412
american anti-aircraft missile literature ,1.3365976747628412
louisiana,1.3365976747628412
first draft specification ,1.3365976747628412
intended article ,1.3365976747628412
leiden,1.3365976747628412
ajax ajax ,1.3365976747628412
screenreader,1.3365976747628412
soviet top secret aerospacecraft project nike ajax ,1.3365976747628412
selenium documentation,1.3365976747628412
ghost town ajax ,1.3365976747628412
search field,1.3365976747628412
domain ,1.3365976747628412
coined the term ajax ,1.3365976747628412
type ,1.3365976747628412
screen reader ,1.3365976747628412
xhr send null ,1.3365976747628412
eight south devon railway dido class steam locomotive,1.3365976747628412
humor device ,1.3365976747628412
canada ajax go station,1.3365976747628412
brazilian football club ajax kenitra ,1.3365976747628412
go transit network,1.3365976747628412
existing page,1.3365976747628412
looney tune ,1.3365976747628412
open hearth furnace,1.3365976747628412
suevi,1.3365976747628412
temagami ,1.3365976747628412
lesser ,1.3365976747628412
u s hms ajax,1.3365976747628412
mozilla ,1.3365976747628412
web application development ajax framework,1.3365976747628412
reverse ajax rich internet application websocket actionscript references edit ,1.3365976747628412
best-known football club ,1.3365976747628412
popular javascript library jquery,1.3365976747628412
q a ajax programming,1.3365976747628412
javascript code,1.3365976747628412
cricket and football club ,1.3365976747628412
use dmy date ,1.3365976747628412
alternative format ,1.3365976747628412
seleniumhq org ,1.3365976747628412
tante leen videogames edit,1.3365976747628412
xhtml and cs ,1.3365976747628412
official web standard ,1.3365976747628412
andrea ,1.3365976747628412
wide deployment ,1.3365976747628412
complete page,1.3365976747628412
wai-aria standard ,1.3365976747628412
telamon ,1.3365976747628412
web applications article ,1.3365976747628412
simple ajax request ,1.3365976747628412
ajax request var xhr ,1.3365976747628412
b c jesse james garrett,1.3365976747628412
american anti-aircraft missile literature and fiction edit ajax sophocles,1.3365976747628412
architecture journal msdn ,1.3365976747628412
south korean boy band ajax,1.3365976747628412
official kayak ,1.3365976747628412
fictional business ,1.3365976747628412
technologies edit ,1.3365976747628412
complex code ,1.3365976747628412
topic ,1.3365976747628412
wai-aria overview,1.3365976747628412
asynchronous callback-style ,1.3365976747628412
ajax programming ,1.3365976747628412
interrelated web development technique,1.3365976747628412
member ,1.3365976747628412
australian champion racehorse vehicles edit,1.3365976747628412
apache org,1.3365976747628412
town ajax high school,1.3365976747628412
browser and server ,1.3365976747628412
xmlhttprequest javascript object,1.3365976747628412
fiction edit ajax sophocles ,1.3365976747628412
development,1.3365976747628412
dmoz ajax tutorial,1.3365976747628412
html and cs ,1.3365976747628412
ancient greek tragedian sophocles ajax ,1.3365976747628412
client-side script,1.3365976747628412
united states navy ajax locomotive ,1.3365976747628412
go transit network ,1.3365976747628412
user experience,1.3365976747628412
peter ,1.3365976747628412
xhr readystate ,1.3365976747628412
plain text ,1.3365976747628412
first large-scale e-commerce,1.3365976747628412
web application development ajax framework ,1.3365976747628412
locrian contingent ,1.3365976747628412
radio comedy skit ,1.3365976747628412
story ,1.3365976747628412
intended article,1.3365976747628412
example edit ,1.3365976747628412
smartphones and pda,1.3365976747628412
dynamic display,1.3365976747628412
dynamic web page update,1.3365976747628412
xmlhttprequest javascript object ,1.3365976747628412
alternative format,1.3365976747628412
estonian football club rabat ajax f c ,1.3365976747628412
ajax mine other edit,1.3365976747628412
preformatted html,1.3365976747628412
peter,1.3365976747628412
ajax technique ajax floppy disk controller,1.3365976747628412
south korean boy band ajax ,1.3365976747628412
extensive api standard,1.3365976747628412
communicate ,1.3365976747628412
paul ,1.3365976747628412
fictional character ,1.3365976747628412
development ,1.3365976747628412
ajax and screenreader ,1.3365976747628412
access control ,1.3365976747628412
en wikipedia ,1.3365976747628412
number ,1.3365976747628412
public high school,1.3365976747628412
content type header content-type ,1.3365976747628412
pop culture suicides ajax song,1.3365976747628412
station ,1.3365976747628412
edit ajax framework list,1.3365976747628412
user interaction,1.3365976747628412
successive ajax request,1.3365976747628412
en wikipedia org w index php title ajax programming,1.3365976747628412
cleaning product ,1.3365976747628412
web applications article,1.3365976747628412
united states navy ajax locomotive,1.3365976747628412
amsterdam,1.3365976747628412
comic superhero ,1.3365976747628412
tat ajax furnace,1.3365976747628412
v t e cloud computing applications google app ,1.3365976747628412
asynchronous html,1.3365976747628412
nature,1.3365976747628412
screenreader ,1.3365976747628412
alternative mean,1.3365976747628412
louisiana ,1.3365976747628412
preformatted html or plain text ,1.3365976747628412
oracle com arungupta entry ajax vs ajax ajax ofcourse ,1.3365976747628412
prokoph,1.3365976747628412
complex code,1.3365976747628412
jquery example ,1.3365976747628412
fictional business,1.3365976747628412
portal site ,1.3365976747628412
complete html page,1.3365976747628412
existing page ,1.3365976747628412
additional load ,1.3365976747628412
xhtml,1.3365976747628412
christianity c ,1.3365976747628412
radio comedy skit,1.3365976747628412
interrelated web development technique ,1.3365976747628412
north american record company a-jax band ,1.3365976747628412
xhr send null,1.3365976747628412
local link,1.3365976747628412
user-proofing ajax ,1.3365976747628412
webdriver ,1.3365976747628412
local link ,1.3365976747628412
ullman ,1.3365976747628412
attempt ,1.3365976747628412
full page reload,1.3365976747628412
edward,1.3365976747628412
part,1.3365976747628412
ajax cleanser ,1.3365976747628412
e d k ,1.3365976747628412
successive ajax request ,1.3365976747628412
client-side script ,1.3365976747628412
ajax cleanser,1.3365976747628412
maltese football club uni n jax ,1.3365976747628412
afc ajax,1.3365976747628412
animated television series duckman martian manhunter,1.3365976747628412
pen ,1.3365976747628412
current state ,1.3365976747628412
instance,1.3365976747628412
javascript code ,1.3365976747628412
asynchronous web application ,1.3365976747628412
msn,1.3365976747628412
locri ,1.3365976747628412
simple ajax request,1.3365976747628412
javascript or xmlhttprequest ,1.3365976747628412
temagami,1.3365976747628412
external links edit,1.3365976747628412
salami ,1.3365976747628412
nature ,1.3365976747628412
brazilian football club ajax kenitra,1.3365976747628412
arcade game places edit ajax,1.3365976747628412
marvel comics character ,1.3365976747628412
marvel universe ajak ,1.3365976747628412
xmlhttp activex control ,1.3365976747628412
broad group ,1.3365976747628412
wide deployment,1.3365976747628412
search ,1.3365976747628412
excessive bandwidth,1.3365976747628412
drawbacks edit,1.3365976747628412
u s hms ajax ,1.3365976747628412
comic superhero,1.3365976747628412
atari ste sports edit,1.3365976747628412
search field ,1.3365976747628412
xml example,1.3365976747628412
afc ajax ,1.3365976747628412
explicit ,1.3365976747628412
wrox ,1.3365976747628412
shiflett ,1.3365976747628412
webdriver,1.3365976747628412
links and form ,1.3365976747628412
aaron swartz ,1.3365976747628412
opera ,1.3365976747628412
tim,1.3365976747628412
earlier state,1.3365976747628412
dynamic html ,1.3365976747628412
form,1.3365976747628412
programming cloud standard ,1.3365976747628412
estonian football club rabat ajax f c,1.3365976747628412
cricket,1.3365976747628412
full scale,1.3365976747628412
xml http thing,1.3365976747628412
fictional character,1.3365976747628412
netherlands fc ajax lasnam e ,1.3365976747628412
google page ,1.3365976747628412
search completion ,1.3365976747628412
ajaj variant ,1.3365976747628412
request xhr onreadystatechange,1.3365976747628412
query,1.3365976747628412
popup list,1.3365976747628412
earlier state ,1.3365976747628412
marvel comics character,1.3365976747628412
first draft specification,1.3365976747628412
ajax or ajax ,1.3365976747628412
utah ,1.3365976747628412
cross-site request ,1.3365976747628412
navigation search,1.3365976747628412
honduras handball edit ajax hero ,1.3365976747628412
unincorporated community,1.3365976747628412
dictionary,1.3365976747628412
public beta release ,1.3365976747628412
iframe technology,1.3365976747628412
dictionary ,1.3365976747628412
utah,1.3365976747628412
ahah ,1.3365976747628412
brand,1.3365976747628412
smartphone,1.3365976747628412
get-ajax-data j,1.3365976747628412
open hearth furnace ,1.3365976747628412
full page reload ,1.3365976747628412
dmoz ajax tutorial ,1.3365976747628412
u s ajax american automobile,1.3365976747628412
ajax term ,1.3365976747628412
javascript object notation json,1.3365976747628412
tante leen videogames edit ,1.3365976747628412
extensive api standard ,1.3365976747628412
operation ajax ,1.3365976747628412
safari,1.3365976747628412
iframe tag,1.3365976747628412
microsoft outlook web app team ,1.3365976747628412
brazil ,1.3365976747628412
royal navy uss ajax,1.3365976747628412
data xml,1.3365976747628412
asynchronous html ,1.3365976747628412
asynchronous programming ,1.3365976747628412
honduras handball edit ajax hero,1.3365976747628412
oileu,1.3365976747628412
pop culture suicides ajax song ,1.3365976747628412
wikidata article ,1.3365976747628412
devx,1.3365976747628412
state change ,1.3365976747628412
gfxmonk net ,1.3365976747628412
page content,1.3365976747628412
dynamic display ,1.3365976747628412
smartphone ,1.3365976747628412
oldest preserved steam locomotive ,1.3365976747628412
user-proofing ajax,1.3365976747628412
ajax-based app ,1.3365976747628412
request xhr onreadystatechange ,1.3365976747628412
european mainland ajax ,1.3365976747628412
wai-aria standard,1.3365976747628412
ajax programming,1.3365976747628412
deep linking,1.3365976747628412
asynchronous callback-style,1.3365976747628412
successful return,1.3365976747628412
seleniumhq org,1.3365976747628412
navigation,1.0629822036228769
case,1.0629822036228769
case ,1.0629822036228769
combination,1.0629822036228769
combination ,1.0629822036228769
navigation ,1.0629822036228769
book ,1.0629822036228769
book,1.0629822036228769
well-known application,0.3946833662414561
search toolbox ,0.3946833662414561
office winforms architecture view,0.3946833662414561
leg ,0.3946833662414561
e-mail address ,0.3946833662414561
expression topics archive view,0.3946833662414561
category architecture net development ,0.3946833662414561
role,0.3946833662414561
local condition ,0.3946833662414561
mark ,0.3946833662414561
no problem ,0.3946833662414561
current approach,0.3946833662414561
easier access ,0.3946833662414561
wrong requirement,0.3946833662414561
grip ,0.3946833662414561
lisa crispin,0.3946833662414561
java applications software tester,0.3946833662414561
important almost inevitable task,0.3946833662414561
side,0.3946833662414561
bi tool ,0.3946833662414561
level ,0.3946833662414561
special section ,0.3946833662414561
big data processing,0.3946833662414561
application integration,0.3946833662414561
agile success quality time columnist jennifer lent,0.3946833662414561
e-mail address,0.3946833662414561
modeling tool,0.3946833662414561
privacy policy term ,0.3946833662414561
java applications software tester ,0.3946833662414561
liferay portal,0.3946833662414561
microsoft programming model and methodology ,0.3946833662414561
component,0.3946833662414561
development application integration middleware platform,0.3946833662414561
deep front end knowledge ,0.3946833662414561
technologies ajax ,0.3946833662414561
cloud portability concern ,0.3946833662414561
shorthand ,0.3946833662414561
web giant ,0.3946833662414561
manner ,0.3946833662414561
central station visual studio net ,0.3946833662414561
javascript call ,0.3946833662414561
plug-in ,0.3946833662414561
law,0.3946833662414561
docker bandwagon ,0.3946833662414561
lisa crispin ,0.3946833662414561
big data understanding big data solution,0.3946833662414561
advantage,0.3946833662414561
lotus notes domino searchdomino javascript hijacking,0.3946833662414561
cloud portability integration issue,0.3946833662414561
client asp net skills section,0.3946833662414561
intermediary ,0.3946833662414561
ajax aplenty,0.3946833662414561
methodology ,0.3946833662414561
expression topics archive view ,0.3946833662414561
ajax news ,0.3946833662414561
email communication,0.3946833662414561
local condition,0.3946833662414561
no text ,0.3946833662414561
oldest newest register ,0.3946833662414561
quiz,0.3946833662414561
early application,0.3946833662414561
vendor,0.3946833662414561
unlimited access,0.3946833662414561
searchsoftwarequality learning culture,0.3946833662414561
importance ,0.3946833662414561
ajax news and trend,0.3946833662414561
memberwiki nexawebajaxcharacteristic,0.3946833662414561
office windows presentation foundation winforms asp net view,0.3946833662414561
action,0.3946833662414561
www openajax org member wiki nexawebajaxcharacteristic ,0.3946833662414561
sharing document ,0.3946833662414561
margaret rouse ,0.3946833662414561
central station visual studio net,0.3946833662414561
creating managing and sharing document ,0.3946833662414561
business leader ,0.3946833662414561
grip,0.3946833662414561
installation ,0.3946833662414561
returns security information ,0.3946833662414561
compute,0.3946833662414561
privacy load ,0.3946833662414561
href http searchwindevelopment techtarget com info getstarted windows-presentation-foundation,0.3946833662414561
wrong requirement ,0.3946833662414561
ajaxian ,0.3946833662414561
clicking,0.3946833662414561
interface,0.3946833662414561
amazon,0.3946833662414561
component ,0.3946833662414561
technology-based business transformation strategy,0.3946833662414561
web service,0.3946833662414561
web giant,0.3946833662414561
amazon and microsoft ,0.3946833662414561
ajax use,0.3946833662414561
customized web ,0.3946833662414561
advantage ,0.3946833662414561
ajaxian,0.3946833662414561
janet gregory ,0.3946833662414561
intermediary,0.3946833662414561
linq office ,0.3946833662414561
views page discussion personal tool,0.3946833662414561
microservices wave ,0.3946833662414561
ibm partner,0.3946833662414561
terms linq language integrated query linq language integrated query ,0.3946833662414561
user input or clicking ,0.3946833662414561
microsoft programming model and methodology,0.3946833662414561
liferay portal ,0.3946833662414561
business leader,0.3946833662414561
massive amount,0.3946833662414561
microsoft programming model ,0.3946833662414561
challenge,0.3946833662414561
portal-based platform,0.3946833662414561
traditional web page,0.3946833662414561
navigation main page community portal current event,0.3946833662414561
creating managing ,0.3946833662414561
agile success quality time columnist jennifer lent ,0.3946833662414561
file special pages printable version privacy policy,0.3946833662414561
storage take ,0.3946833662414561
compute and storage take,0.3946833662414561
consultancy firm adaptive path ,0.3946833662414561
certification vb code download,0.3946833662414561
cost,0.3946833662414561
product news,0.3946833662414561
packaged product,0.3946833662414561
search toolbox,0.3946833662414561
docker bandwagon,0.3946833662414561
role ,0.3946833662414561
client asp net skills section ,0.3946833662414561
weather forecasting site ,0.3946833662414561
wrong requirements and tool ,0.3946833662414561
searchsecurity ajax asynchronous javascript ,0.3946833662414561
db programming xml,0.3946833662414561
independent disk ,0.3946833662414561
no problem,0.3946833662414561
variety ,0.3946833662414561
map ,0.3946833662414561
proprietary technology ,0.3946833662414561
google map ,0.3946833662414561
javascript dynamic html dhtml,0.3946833662414561
clicking ,0.3946833662414561
cloud portability integration issue ,0.3946833662414561
amazon ,0.3946833662414561
easier access,0.3946833662414561
geek glossary ,0.3946833662414561
manage problem solve sponsored communities search ,0.3946833662414561
login e-mail username password password,0.3946833662414561
leg,0.3946833662414561
blog ,0.3946833662414561
navigation main page community portal current event ,0.3946833662414561
web developer ,0.3946833662414561
web developer,0.3946833662414561
sister site,0.3946833662414561
mobile delivery,0.3946833662414561
continuous development ,0.3946833662414561
complete definition dig deeper ,0.3946833662414561
manage problem solve sponsored communities search,0.3946833662414561
enterprise,0.3946833662414561
mark,0.3946833662414561
file special pages printable version privacy policy ,0.3946833662414561
five year,0.3946833662414561
-ads by google file extension,0.3946833662414561
login e-mail username password password ,0.3946833662414561
blog,0.3946833662414561
portal-based platform ,0.3946833662414561
web service ,0.3946833662414561
web development,0.3946833662414561
view all button ,0.3946833662414561
quick reference guide download,0.3946833662414561
category architecture net development,0.3946833662414561
searchwindevelopment search ,0.3946833662414561
ajax news,0.3946833662414561
db programming xml ,0.3946833662414561
learning culture,0.3946833662414561
janet gregory,0.3946833662414561
vendor ,0.3946833662414561
application integration and development application integration middleware platform,0.3946833662414561
searchwindevelopment search,0.3946833662414561
mobile delivery ,0.3946833662414561
creating managing,0.3946833662414561
digdeeperviewall news view ,0.3946833662414561
user type,0.3946833662414561
editor,0.3946833662414561
views page discussion personal tool ,0.3946833662414561
interface ,0.3946833662414561
extensible markup language xml,0.3946833662414561
application integration ,0.3946833662414561
digdeeperviewall problem solve view ,0.3946833662414561
map,0.3946833662414561
theserverside going,0.3946833662414561
independent disk,0.3946833662414561
edit ,0.3946833662414561
java app,0.3946833662414561
javascript call,0.3946833662414561
pages or edit ,0.3946833662414561
quiz ,0.3946833662414561
side ,0.3946833662414561
technologies ajax,0.3946833662414561
ajax news and trend ,0.3946833662414561
five year ,0.3946833662414561
pages or edit,0.3946833662414561
cost ,0.3946833662414561
java app ,0.3946833662414561
compute and storage take ,0.3946833662414561
microservices wave,0.3946833662414561
javascript dynamic html dhtml ,0.3946833662414561
net community jobs tutorial ,0.3946833662414561
api versioning decision,0.3946833662414561
margaret rouse,0.3946833662414561
sister site ,0.3946833662414561
edit,0.3946833662414561
theserverside going ,0.3946833662414561
methodology,0.3946833662414561
consultancy firm adaptive path,0.3946833662414561
javascript ibm close ,0.3946833662414561
manner,0.3946833662414561
oldest newest register,0.3946833662414561
plug-in,0.3946833662414561
fully automated ,0.3946833662414561
memberwiki disclaimer ,0.3946833662414561
traditional web page ,0.3946833662414561
privacy load,0.3946833662414561
privacy policy term,0.3946833662414561
modeling tool ,0.3946833662414561
wrong requirements and tool,0.3946833662414561
lotus notes domino searchdomino javascript hijacking ,0.3946833662414561
office windows presentation foundation winforms asp net view ,0.3946833662414561
www openajax org member wiki nexawebajaxcharacteristic,0.3946833662414561
delay,0.3946833662414561
database office ,0.3946833662414561
application cloudification cloud migration,0.3946833662414561
wpf apps windows development ,0.3946833662414561
javascript ibm close,0.3946833662414561
extensible markup language xml ,0.3946833662414561
well-known application ,0.3946833662414561
packaged product ,0.3946833662414561
resemblance ,0.3946833662414561
ajax aplenty ,0.3946833662414561
resemblance,0.3946833662414561
compute ,0.3946833662414561
javascript ibm related content ajax learning guide searchdomino ajax ,0.3946833662414561
level,0.3946833662414561
user input or clicking,0.3946833662414561
digdeeperviewall news view,0.3946833662414561
office winforms architecture view ,0.3946833662414561
law ,0.3946833662414561
google map,0.3946833662414561
page title ,0.3946833662414561
ibm partner ,0.3946833662414561
learning culture ,0.3946833662414561
searchsecurity ajax asynchronous javascript,0.3946833662414561
big data processing ,0.3946833662414561
result ,0.3946833662414561
challenge ,0.3946833662414561
memberwiki disclaimer,0.3946833662414561
real,0.3946833662414561
real ,0.3946833662414561
user input,0.3946833662414561
user input ,0.3946833662414561
memberwiki jump,0.3946833662414561
digdeeperviewall get started view,0.3946833662414561
returns security information,0.3946833662414561
editor ,0.3946833662414561
email communication ,0.3946833662414561
wpf apps windows development,0.3946833662414561
api versioning decision ,0.3946833662414561
trend ,0.3946833662414561
installation,0.3946833662414561
view all button,0.3946833662414561
rights reserved ,0.3946833662414561
trend,0.3946833662414561
javascript ibm related content ajax learning guide searchdomino ajax,0.3946833662414561
action ,0.3946833662414561
complete definition dig deeper,0.3946833662414561
big data understanding big data solution ,0.3946833662414561
technology-based business transformation strategy ,0.3946833662414561
rights reserved,0.3946833662414561
-ads by google file extension ,0.3946833662414561
database office,0.3946833662414561
freeware version,0.3946833662414561
application integration and development application integration middleware platform ,0.3946833662414561
important almost inevitable task ,0.3946833662414561
page title,0.3946833662414561
unlimited access ,0.3946833662414561
login ,0.3946833662414561
weather forecasting site,0.3946833662414561
shorthand,0.3946833662414561
zip code ,0.3946833662414561
login,0.3946833662414561
geek glossary,0.3946833662414561
fully automated,0.3946833662414561
result,0.3946833662414561
ajax use ,0.3946833662414561
net community jobs tutorial,0.3946833662414561
delay ,0.3946833662414561
development application integration middleware platform ,0.3946833662414561
bi tool,0.3946833662414561
sharing document,0.3946833662414561
variety,0.3946833662414561
test your knowledge,0.3946833662414561
massive amount ,0.3946833662414561
digdeeperviewall get started view ,0.3946833662414561
memberwiki jump ,0.3946833662414561
storage take,0.3946833662414561
deep front end knowledge,0.3946833662414561
memberwiki nexawebajaxcharacteristic ,0.3946833662414561
digdeeperviewall problem solve view,0.3946833662414561
quick reference guide download ,0.3946833662414561
amazon and microsoft,0.3946833662414561
current approach ,0.3946833662414561
creating managing and sharing document,0.3946833662414561
product news ,0.3946833662414561
no text,0.3946833662414561
freeware version ,0.3946833662414561
customized web,0.3946833662414561
cloud portability concern,0.3946833662414561
enterprise ,0.3946833662414561
zip code,0.3946833662414561
continuous development,0.3946833662414561
terms linq language integrated query linq language integrated query,0.3946833662414561
searchsoftwarequality learning culture ,0.3946833662414561
importance,0.3946833662414561
proprietary technology,0.3946833662414561
href http searchwindevelopment techtarget com info getstarted windows-presentation-foundation ,0.3946833662414561
user type ,0.3946833662414561
early application ,0.3946833662414561
certification vb code download ,0.3946833662414561
web development ,0.3946833662414561
special section,0.3946833662414561
application cloudification cloud migration ,0.3946833662414561
linq office,0.3946833662414561
test your knowledge ,0.3946833662414561
microsoft programming model,0.3946833662414561
encyclopedia jump ,0.0
encyclopedia jump,0.0
wikipedia,0.0
wikipedia ,0.0
